Zone,Alimentation pour touristes,Aliments pour animaux,Autres utilisations (non alimentaire),Disponibilité alimentaire (Kcal/personne/jour),Disponibilité alimentaire en quantité (kg/personne/an),Disponibilité de matière grasse en quantité (g/personne/jour),Disponibilité de protéines en quantité (g/personne/jour),Disponibilité intérieure,Exportations - Quantité,Importations - Quantité,Nourriture,Pertes,Production,Résidus,Semences,Traitement,Variation de stock
Afghanistan,0.0,456000.0,94000.0,1997000.0,357310.0,30630.0,54090.0,15139000.0,601000.0,4555000.0,12968000.0,1146000.0,11609000.0,-111000.0,470000.0,115000.0,426000.0
Afrique du Sud,0.0,9371000.0,1448000.0,2987000.0,556420.0,81920.0,83360.0,66840000.0,10968000.0,9020000.0,31726000.0,3108000.0,68455000.0,-594000.0,212000.0,21564000.0,-322000.0
Albanie,0.0,697000.0,177000.0,3400000.0,1260490.0,117570.0,119500.0,4879000.0,156000.0,884000.0,3631000.0,321000.0,4231000.0,-115000.0,53000.0,113000.0,72000.0
Algérie,0.0,4884000.0,2405000.0,3345000.0,798710.0,79620.0,92850.0,45365000.0,743000.0,19718000.0,33056000.0,3683000.0,26763000.0,-22000.0,358000.0,993000.0,374000.0
Allemagne,0.0,30904000.0,8316000.0,3559000.0,943240.0,147960.0,104070.0,174960000.0,58793000.0,66550000.0,77988000.0,5756000.0,167828000.0,-831000.0,1712000.0,51109000.0,651000.0
Angola,0.0,6844000.0,548000.0,2266000.0,570950.0,48730.0,54090.0,32210000.0,60000.0,4153000.0,17025000.0,3795000.0,28523000.0,-4000.0,420000.0,3585000.0,403000.0
Antigua-et-Barbuda,16000.0,0.0,4000.0,2429000.0,632980.0,88720.0,81150.0,84000.0,0.0,71000.0,59000.0,1000.0,23000.0,0.0,0.0,0.0,12000.0
Arabie saoudite,0.0,12255000.0,337000.0,3194000.0,546350.0,103080.0,87510.0,32403000.0,2241000.0,26414000.0,18086000.0,803000.0,9037000.0,-92000.0,133000.0,883000.0,801000.0
Argentine,0.0,21725000.0,8276000.0,3239000.0,776640.0,117120.0,102660.0,138346000.0,63629000.0,3391000.0,34126000.0,3736000.0,204480000.0,-1187000.0,2571000.0,69101000.0,5897000.0
Arménie,0.0,627000.0,185000.0,3072000.0,1006410.0,96900.0,97330.0,4383000.0,244000.0,846000.0,2962000.0,274000.0,3708000.0,-51000.0,143000.0,240000.0,-76000.0
Australie,0.0,11209000.0,2357000.0,3307000.0,906770.0,153790.0,108010.0,77921000.0,52287000.0,6439000.0,22296000.0,2874000.0,127100000.0,-880000.0,1266000.0,38799000.0,3334000.0
Autriche,0.0,3746000.0,1225000.0,3694000.0,931630.0,166680.0,108110.0,19204000.0,7823000.0,9485000.0,8216000.0,625000.0,17570000.0,-176000.0,183000.0,5383000.0,14000.0
Azerbaïdjan,0.0,2565000.0,592000.0,3102000.0,792070.0,58910.0,92300.0,12521000.0,681000.0,2674000.0,7799000.0,491000.0,10673000.0,-48000.0,412000.0,712000.0,140000.0
Bahamas,2000.0,1000.0,64000.0,2043000.0,565500.0,71580.0,61370.0,342000.0,9000.0,187000.0,215000.0,7000.0,182000.0,-3000.0,0.0,56000.0,18000.0
Bangladesh,0.0,8167000.0,6987000.0,2596000.0,481900.0,33860.0,60220.0,103387000.0,269000.0,18069000.0,76966000.0,4991000.0,89461000.0,-137000.0,1636000.0,4779000.0,3870000.0
Barbade,41000.0,28000.0,1000.0,2896000.0,610410.0,93090.0,88740.0,407000.0,55000.0,239000.0,171000.0,7000.0,219000.0,-4000.0,1000.0,155000.0,-2000.0
Belgique,0.0,6006000.0,2972000.0,3770000.0,1015740.0,155650.0,101350.0,32221000.0,32418000.0,38900000.0,11603000.0,754000.0,27757000.0,-854000.0,183000.0,11560000.0,2015000.0
Belize,15000.0,159000.0,41000.0,2694000.0,588820.0,80600.0,67110.0,1917000.0,484000.0,92000.0,218000.0,103000.0,2348000.0,-136000.0,2000.0,1503000.0,36000.0
Bermudes,0.0,1000.0,0.0,0.0,0.0,0.0,0.0,4000.0,0.0,3000.0,3000.0,0.0,0.0,0.0,0.0,0.0,0.0
Bolivie (État plurinational de),0.0,2449000.0,5700000.0,2354000.0,556840.0,57290.0,68400.0,28387000.0,741000.0,1151000.0,6233000.0,998000.0,20455000.0,32000.0,845000.0,12129000.0,-7526000.0
Bosnie-Herzégovine,0.0,1000000.0,438000.0,3266000.0,991650.0,81800.0,94580.0,5402000.0,678000.0,2251000.0,3321000.0,279000.0,3628000.0,-36000.0,81000.0,312000.0,-203000.0
Botswana,0.0,43000.0,15000.0,2338000.0,535010.0,64790.0,65090.0,1424000.0,48000.0,929000.0,1176000.0,53000.0,687000.0,97000.0,8000.0,31000.0,143000.0
Brunéi Darussalam,0.0,11000.0,0.0,0.0,0.0,0.0,0.0,28000.0,2000.0,16000.0,17000.0,0.0,13000.0,0.0,0.0,0.0,0.0
Brésil,0.0,90503000.0,333137000.0,3250000.0,770490.0,124600.0,90870.0,1086032000.0,153847000.0,17660000.0,160133000.0,100912000.0,1216178000.0,-1210000.0,4081000.0,398473000.0,-6041000.0
Bulgarie,0.0,1175000.0,639000.0,2827000.0,727430.0,95330.0,83190.0,10417000.0,8536000.0,3172000.0,5168000.0,790000.0,16593000.0,-37000.0,411000.0,2272000.0,811000.0
Burkina Faso,0.0,58000.0,385000.0,2720000.0,498780.0,67670.0,76080.0,11909000.0,296000.0,883000.0,9577000.0,448000.0,10781000.0,-178000.0,208000.0,1411000.0,-543000.0
Bélarus,0.0,11541000.0,366000.0,3289000.0,972220.0,125170.0,94080.0,29007000.0,7500000.0,3858000.0,9188000.0,670000.0,33634000.0,-451000.0,1649000.0,6049000.0,983000.0
Bénin,0.0,2691000.0,2188000.0,2754000.0,717390.0,58120.0,64450.0,16363000.0,278000.0,3725000.0,8012000.0,1323000.0,13676000.0,434000.0,758000.0,959000.0,812000.0
Cabo Verde,50000.0,42000.0,0.0,2512000.0,523680.0,68470.0,69330.0,396000.0,29000.0,262000.0,279000.0,9000.0,150000.0,0.0,3000.0,2000.0,18000.0
Cambodge,0.0,868000.0,11682000.0,2468000.0,503780.0,32800.0,65380.0,24462000.0,2248000.0,1493000.0,8067000.0,2625000.0,25990000.0,128000.0,408000.0,682000.0,776000.0
Cameroun,0.0,3164000.0,1271000.0,2652000.0,683770.0,53600.0,69490.0,32643000.0,664000.0,2418000.0,16797000.0,4873000.0,32825000.0,-7000.0,423000.0,6123000.0,1931000.0
Canada,0.0,25317000.0,3449000.0,3492000.0,923860.0,153120.0,101330.0,82935000.0,66205000.0,19555000.0,33945000.0,3200000.0,129752000.0,-497000.0,2494000.0,15020000.0,172000.0
Chili,0.0,4482000.0,1280000.0,3007000.0,676160.0,88330.0,88570.0,23672000.0,8736000.0,7055000.0,12486000.0,1167000.0,25580000.0,-50000.0,145000.0,4156000.0,133000.0
Chine - RAS de Hong-Kong,-289000.0,136000.0,782000.0,3353000.0,776030.0,133740.0,137880.0,6345000.0,3609000.0,9647000.0,5671000.0,202000.0,444000.0,-190000.0,2000.0,29000.0,141000.0
Chine - RAS de Macao,-49000.0,15000.0,24000.0,2999000.0,726130.0,131830.0,100370.0,445000.0,10000.0,489000.0,449000.0,1000.0,21000.0,-1000.0,0.0,9000.0,48000.0
"Chine, Taiwan Province de",0.0,5431000.0,767000.0,2976000.0,640370.0,128500.0,85710.0,25365000.0,1669000.0,14429000.0,15162000.0,607000.0,13170000.0,-94000.0,54000.0,3440000.0,833000.0
"Chine, continentale",0.0,411264000.0,110472000.0,3197000.0,968520.0,96890.0,101440.0,2303613000.0,40251000.0,205903000.0,1376284000.0,129667000.0,2147703000.0,-517000.0,22760000.0,253680000.0,10234000.0
Chypre,46000.0,514000.0,103000.0,2612000.0,684720.0,111320.0,80200.0,1513000.0,387000.0,1115000.0,804000.0,53000.0,850000.0,-73000.0,19000.0,39000.0,62000.0
Colombie,0.0,6757000.0,2154000.0,3092000.0,786420.0,84670.0,72310.0,93766000.0,4803000.0,11384000.0,38460000.0,4514000.0,85126000.0,-81000.0,1940000.0,40019000.0,-2062000.0
Congo,0.0,79000.0,44000.0,2305000.0,612610.0,46960.0,55630.0,4259000.0,9000.0,752000.0,3128000.0,317000.0,3494000.0,0.0,4000.0,683000.0,-22000.0
Costa Rica,75000.0,912000.0,151000.0,3013000.0,693110.0,108720.0,81150.0,10447000.0,7413000.0,2669000.0,3431000.0,1087000.0,15285000.0,-637000.0,39000.0,5386000.0,99000.0
Croatie,0.0,1369000.0,61000.0,3079000.0,1018840.0,114300.0,90180.0,7776000.0,2503000.0,2726000.0,4262000.0,329000.0,7723000.0,-167000.0,54000.0,1865000.0,165000.0
Cuba,105000.0,5071000.0,415000.0,3409000.0,844620.0,71970.0,88400.0,33585000.0,1227000.0,4582000.0,9575000.0,1441000.0,30667000.0,0.0,23000.0,16941000.0,436000.0
Côte d'Ivoire,0.0,1225000.0,246000.0,2726000.0,645700.0,54950.0,59110.0,25557000.0,3185000.0,4124000.0,15783000.0,1934000.0,28622000.0,229000.0,1563000.0,4585000.0,3998000.0
Danemark,0.0,7877000.0,1017000.0,3383000.0,962040.0,131110.0,112920.0,20070000.0,12582000.0,7184000.0,5515000.0,700000.0,26176000.0,-125000.0,408000.0,4677000.0,861000.0
Djibouti,0.0,0.0,289000.0,2677000.0,431320.0,59810.0,66430.0,1347000.0,191000.0,1497000.0,403000.0,5000.0,83000.0,649000.0,0.0,0.0,38000.0
Dominique,26000.0,22000.0,0.0,2945000.0,988870.0,80120.0,78960.0,149000.0,2000.0,26000.0,69000.0,24000.0,125000.0,0.0,4000.0,6000.0,0.0
El Salvador,0.0,942000.0,158000.0,2660000.0,579310.0,64060.0,74700.0,12559000.0,1218000.0,2717000.0,3701000.0,282000.0,10759000.0,-11000.0,244000.0,7242000.0,-304000.0
Espagne,0.0,25196000.0,5687000.0,3270000.0,937620.0,149220.0,106990.0,98426000.0,34158000.0,41585000.0,43741000.0,3604000.0,91057000.0,-3729000.0,1377000.0,22540000.0,63000.0
Estonie,0.0,333000.0,28000.0,3241000.0,1032490.0,106160.0,107290.0,2007000.0,1875000.0,943000.0,1361000.0,32000.0,2911000.0,-36000.0,93000.0,190000.0,-26000.0
Eswatini,0.0,350000.0,307000.0,2406000.0,532390.0,43290.0,61220.0,6790000.0,784000.0,446000.0,596000.0,316000.0,7195000.0,-107000.0,11000.0,5317000.0,66000.0
Fidji,240000.0,130000.0,3000.0,2941000.0,730700.0,95200.0,73880.0,2415000.0,258000.0,384000.0,636000.0,88000.0,2312000.0,-40000.0,1000.0,1353000.0,33000.0
Finlande,0.0,2179000.0,497000.0,3337000.0,1098240.0,139560.0,117770.0,10154000.0,1934000.0,3007000.0,6052000.0,332000.0,8703000.0,-42000.0,270000.0,860000.0,-378000.0
France,0.0,29931000.0,18866000.0,3556000.0,943520.0,157710.0,112080.0,169101000.0,59628000.0,34730000.0,61184000.0,5682000.0,201763000.0,-332000.0,1683000.0,52087000.0,7766000.0
Fédération de Russie,0.0,71587000.0,3373000.0,3362000.0,887100.0,109900.0,101870.0,299307000.0,56569000.0,23976000.0,129102000.0,5313000.0,334095000.0,-681000.0,26365000.0,64252000.0,2188000.0
Gabon,0.0,235000.0,32000.0,2640000.0,684950.0,55750.0,79310.0,2238000.0,7000.0,514000.0,1412000.0,247000.0,1688000.0,-1000.0,32000.0,278000.0,-39000.0
Gambie,0.0,49000.0,187000.0,2542000.0,350970.0,80030.0,63480.0,1145000.0,22000.0,609000.0,776000.0,36000.0,614000.0,0.0,15000.0,84000.0,56000.0
Ghana,0.0,5764000.0,4018000.0,3034000.0,850780.0,40380.0,62950.0,46468000.0,1526000.0,4557000.0,24776000.0,8961000.0,44045000.0,-290000.0,83000.0,3153000.0,602000.0
Grenade,6000.0,11000.0,0.0,2404000.0,525110.0,78890.0,70570.0,87000.0,10000.0,47000.0,54000.0,3000.0,49000.0,0.0,0.0,8000.0,-2000.0
Grèce,0.0,4502000.0,1076000.0,3353000.0,947290.0,150840.0,105130.0,20911000.0,4812000.0,7840000.0,10016000.0,1209000.0,18303000.0,-104000.0,227000.0,3980000.0,422000.0
Guatemala,0.0,1422000.0,795000.0,2551000.0,459600.0,60700.0,69830.0,44407000.0,7582000.0,3232000.0,7771000.0,2207000.0,52433000.0,-88000.0,674000.0,31619000.0,3676000.0
Guinée,0.0,1107000.0,343000.0,2793000.0,564370.0,68720.0,61780.0,10905000.0,171000.0,1604000.0,6810000.0,1217000.0,9993000.0,-126000.0,119000.0,1436000.0,521000.0
Guinée-Bissau,0.0,50000.0,11000.0,2252000.0,390170.0,62950.0,44130.0,1031000.0,118000.0,268000.0,709000.0,78000.0,982000.0,4000.0,9000.0,165000.0,107000.0
Guyana,0.0,363000.0,464000.0,2882000.0,895670.0,65470.0,87580.0,3021000.0,402000.0,243000.0,696000.0,199000.0,3282000.0,-11000.0,23000.0,1285000.0,109000.0
Géorgie,0.0,334000.0,87000.0,2871000.0,607040.0,69940.0,76890.0,3070000.0,405000.0,1476000.0,2429000.0,66000.0,1964000.0,-131000.0,54000.0,226000.0,-42000.0
Haïti,0.0,746000.0,156000.0,2163000.0,447240.0,44290.0,49910.0,7689000.0,10000.0,1752000.0,4907000.0,753000.0,6150000.0,1000.0,38000.0,1082000.0,203000.0
Honduras,3000.0,561000.0,175000.0,2552000.0,471570.0,69010.0,64040.0,13264000.0,2717000.0,1861000.0,4444000.0,316000.0,14050000.0,-31000.0,196000.0,7591000.0,-57000.0
Hongrie,0.0,4519000.0,285000.0,3289000.0,765790.0,153280.0,87760.0,17707000.0,14484000.0,4055000.0,7458000.0,362000.0,27417000.0,-359000.0,465000.0,4981000.0,-728000.0
Inde,0.0,65899000.0,17939000.0,2515000.0,530810.0,56400.0,65700.0,1181350000.0,35006000.0,33869000.0,710817000.0,74526000.0,1223513000.0,-594000.0,34046000.0,278717000.0,41025000.0
Indonésie,0.0,14242000.0,54539000.0,2894000.0,567090.0,55300.0,68630.0,443350000.0,39901000.0,26108000.0,150078000.0,15169000.0,451871000.0,-1995000.0,1289000.0,210019000.0,-5281000.0
Iran (République islamique d'),0.0,17208000.0,819000.0,3116000.0,750670.0,77650.0,87590.0,104836000.0,7122000.0,17640000.0,60558000.0,6512000.0,93350000.0,-74000.0,1112000.0,18702000.0,-968000.0
Iraq,0.0,1646000.0,634000.0,2505000.0,378590.0,69410.0,60540.0,17682000.0,151000.0,11033000.0,14219000.0,841000.0,6733000.0,-2000.0,271000.0,71000.0,-64000.0
Irlande,0.0,4006000.0,2195000.0,3714000.0,980920.0,141160.0,105810.0,11303000.0,9388000.0,7593000.0,4663000.0,171000.0,13790000.0,-401000.0,80000.0,595000.0,714000.0
Islande,0.0,139000.0,49000.0,3629000.0,983540.0,166980.0,141340.0,538000.0,1445000.0,296000.0,323000.0,1000.0,1710000.0,0.0,2000.0,25000.0,14000.0
Israël,0.0,2784000.0,687000.0,3507000.0,881740.0,155540.0,122620.0,11964000.0,1275000.0,6630000.0,7267000.0,324000.0,6978000.0,-46000.0,47000.0,894000.0,374000.0
Italie,0.0,15967000.0,3013000.0,3522000.0,942080.0,151470.0,106690.0,93706000.0,26998000.0,41462000.0,57155000.0,1873000.0,79192000.0,-894000.0,733000.0,15850000.0,-50000.0
Jamaïque,25000.0,413000.0,204000.0,2754000.0,679670.0,78580.0,72830.0,3966000.0,184000.0,1260000.0,1983000.0,233000.0,2935000.0,-4000.0,7000.0,1095000.0,47000.0
Japon,0.0,15382000.0,2675000.0,2699000.0,578970.0,87590.0,86520.0,109433000.0,1689000.0,50109000.0,73827000.0,3209000.0,61392000.0,-38000.0,323000.0,14053000.0,382000.0
Jordanie,0.0,1624000.0,35000.0,2716000.0,490400.0,90860.0,69080.0,7120000.0,892000.0,4542000.0,4800000.0,420000.0,3215000.0,-6000.0,29000.0,221000.0,-254000.0
Kazakhstan,0.0,10067000.0,1117000.0,3195000.0,940260.0,128650.0,94970.0,36429000.0,10329000.0,3698000.0,17001000.0,1745000.0,42042000.0,-26000.0,4762000.0,1759000.0,-1013000.0
Kenya,0.0,1963000.0,441000.0,2125000.0,459710.0,45090.0,60870.0,31394000.0,1369000.0,7290000.0,23090000.0,1772000.0,26467000.0,-533000.0,193000.0,4463000.0,1000000.0
Kirghizistan,0.0,1912000.0,161000.0,2796000.0,814130.0,66960.0,85280.0,8605000.0,274000.0,934000.0,5037000.0,198000.0,7958000.0,0.0,362000.0,938000.0,8000.0
Kiribati,90000.0,20000.0,69000.0,3056000.0,627940.0,103720.0,73900.0,294000.0,98000.0,29000.0,70000.0,8000.0,367000.0,0.0,0.0,36000.0,3000.0
Koweït,0.0,778000.0,84000.0,3445000.0,687970.0,105760.0,99690.0,3743000.0,576000.0,3575000.0,2788000.0,107000.0,816000.0,-61000.0,11000.0,33000.0,69000.0
Lesotho,0.0,26000.0,0.0,2277000.0,386040.0,43340.0,63950.0,886000.0,44000.0,476000.0,806000.0,36000.0,507000.0,1000.0,3000.0,11000.0,54000.0
Lettonie,0.0,723000.0,185000.0,3170000.0,939800.0,124610.0,97270.0,3161000.0,4474000.0,2513000.0,1829000.0,60000.0,5291000.0,-162000.0,278000.0,240000.0,213000.0
Liban,0.0,771000.0,345000.0,2877000.0,615500.0,89500.0,67550.0,5831000.0,677000.0,3226000.0,4198000.0,231000.0,3205000.0,-250000.0,30000.0,504000.0,-84000.0
Libéria,0.0,58000.0,11000.0,2127000.0,378680.0,55370.0,39910.0,2417000.0,28000.0,656000.0,1781000.0,185000.0,1873000.0,-7000.0,18000.0,369000.0,83000.0
Lituanie,0.0,1417000.0,367000.0,3419000.0,1072110.0,106430.0,125060.0,6591000.0,6858000.0,2991000.0,3050000.0,332000.0,10597000.0,-200000.0,396000.0,1229000.0,133000.0
Luxembourg,0.0,129000.0,11000.0,3334000.0,989020.0,136340.0,105790.0,766000.0,728000.0,851000.0,584000.0,12000.0,660000.0,0.0,6000.0,19000.0,12000.0
Macédoine du Nord,0.0,523000.0,126000.0,2996000.0,885230.0,103190.0,80530.0,2829000.0,464000.0,817000.0,1841000.0,170000.0,2407000.0,-12000.0,67000.0,110000.0,-65000.0
Madagascar,0.0,618000.0,1971000.0,1901000.0,422080.0,23460.0,42940.0,15667000.0,273000.0,1568000.0,10792000.0,1038000.0,14082000.0,-36000.0,330000.0,952000.0,-286000.0
Malaisie,0.0,3987000.0,5398000.0,2902000.0,538670.0,91100.0,78870.0,132318000.0,20672000.0,18355000.0,16760000.0,2239000.0,138863000.0,-575000.0,145000.0,104362000.0,4241000.0
Malawi,0.0,6328000.0,13000.0,2646000.0,681510.0,47190.0,67980.0,25913000.0,203000.0,256000.0,12042000.0,2481000.0,26100000.0,0.0,473000.0,4577000.0,239000.0
Maldives,41000.0,0.0,14000.0,2253000.0,513840.0,48080.0,81630.0,330000.0,91000.0,281000.0,250000.0,0.0,153000.0,17000.0,0.0,0.0,13000.0
Mali,0.0,1146000.0,2896000.0,2923000.0,618990.0,60090.0,84740.0,17968000.0,211000.0,1518000.0,11464000.0,1002000.0,17790000.0,115000.0,301000.0,1041000.0,1125000.0
Malte,0.0,75000.0,53000.0,3460000.0,889970.0,118150.0,116320.0,541000.0,56000.0,425000.0,391000.0,18000.0,196000.0,-6000.0,0.0,6000.0,25000.0
Maroc,0.0,4529000.0,1326000.0,3378000.0,700290.0,67700.0,98030.0,39215000.0,3666000.0,9451000.0,24916000.0,2206000.0,34474000.0,-67000.0,1049000.0,5246000.0,1041000.0
Maurice,14000.0,141000.0,23000.0,3125000.0,541340.0,99750.0,88410.0,4592000.0,694000.0,944000.0,687000.0,198000.0,4336000.0,-12000.0,4000.0,3538000.0,-5000.0
Mauritanie,0.0,132000.0,118000.0,2842000.0,456820.0,72590.0,79820.0,2323000.0,799000.0,1751000.0,1955000.0,96000.0,1796000.0,-2000.0,22000.0,1000.0,431000.0
Mexique,0.0,27553000.0,6434000.0,3258000.0,744560.0,100770.0,93300.0,198633000.0,25255000.0,44688000.0,92909000.0,10957000.0,183278000.0,-1221000.0,660000.0,61339000.0,4430000.0
Mongolie,0.0,229000.0,69000.0,2369000.0,545920.0,95270.0,82350.0,2099000.0,66000.0,423000.0,1696000.0,53000.0,1679000.0,-14000.0,24000.0,38000.0,-64000.0
Monténégro,0.0,73000.0,22000.0,3478000.0,1086050.0,139360.0,113120.0,821000.0,26000.0,506000.0,674000.0,27000.0,387000.0,-29000.0,1000.0,50000.0,35000.0
Mozambique,0.0,1675000.0,1317000.0,2301000.0,504700.0,40590.0,51180.0,22333000.0,610000.0,2878000.0,14459000.0,1527000.0,19463000.0,-111000.0,123000.0,3339000.0,-600000.0
Myanmar,0.0,16891000.0,3770000.0,2701000.0,585290.0,79980.0,93350.0,70074000.0,3401000.0,3910000.0,31247000.0,3654000.0,70428000.0,-60000.0,1527000.0,13050000.0,861000.0
Namibie,0.0,75000.0,10000.0,2429000.0,568540.0,62270.0,62000.0,1671000.0,849000.0,900000.0,1362000.0,111000.0,2026000.0,16000.0,11000.0,86000.0,426000.0
Nicaragua,0.0,252000.0,397000.0,2627000.0,496290.0,63340.0,66000.0,11322000.0,1688000.0,1106000.0,3166000.0,699000.0,12022000.0,-235000.0,25000.0,7015000.0,125000.0
Niger,0.0,1143000.0,110000.0,2575000.0,501870.0,51730.0,81860.0,14859000.0,311000.0,1150000.0,10842000.0,1784000.0,14423000.0,-9000.0,604000.0,384000.0,403000.0
Nigéria,0.0,42075000.0,16929000.0,2460000.0,629890.0,49470.0,55900.0,209539000.0,717000.0,9818000.0,120242000.0,16724000.0,200878000.0,34000.0,1197000.0,12342000.0,437000.0
Norvège,0.0,3057000.0,928000.0,3384000.0,934660.0,147730.0,109980.0,9763000.0,3513000.0,5080000.0,4951000.0,160000.0,8263000.0,-33000.0,106000.0,589000.0,88000.0
Nouvelle-Calédonie,0.0,22000.0,42000.0,2750000.0,584490.0,119410.0,83120.0,238000.0,5000.0,149000.0,157000.0,4000.0,89000.0,1000.0,0.0,3000.0,-3000.0
Nouvelle-Zélande,0.0,1388000.0,353000.0,3153000.0,737170.0,116200.0,90800.0,5822000.0,24926000.0,2477000.0,3464000.0,496000.0,28659000.0,-791000.0,77000.0,835000.0,379000.0
Népal,0.0,3771000.0,210000.0,2864000.0,690000.0,60620.0,73580.0,27815000.0,87000.0,3299000.0,19069000.0,2127000.0,26038000.0,-22000.0,525000.0,2137000.0,1429000.0
Oman,0.0,319000.0,431000.0,2924000.0,709710.0,76790.0,85040.0,4206000.0,1005000.0,3473000.0,3314000.0,129000.0,1845000.0,-58000.0,3000.0,74000.0,107000.0
Ouganda,0.0,438000.0,314000.0,2143000.0,539650.0,44670.0,52320.0,29493000.0,1973000.0,1766000.0,22210000.0,915000.0,29825000.0,-148000.0,170000.0,5592000.0,116000.0
Ouzbékistan,0.0,3000.0,0.0,3020000.0,923980.0,83210.0,93520.0,75000.0,0.0,10000.0,71000.0,0.0,65000.0,0.0,0.0,0.0,0.0
Pakistan,0.0,7160000.0,5427000.0,2325000.0,469710.0,73340.0,66250.0,194476000.0,8155000.0,8662000.0,97663000.0,12421000.0,197409000.0,-401000.0,7102000.0,65104000.0,3442000.0
Panama,0.0,629000.0,1060000.0,2839000.0,652670.0,79410.0,79420.0,6309000.0,593000.0,1603000.0,2678000.0,111000.0,5352000.0,7000.0,60000.0,1766000.0,53000.0
Paraguay,0.0,3831000.0,1541000.0,2741000.0,668390.0,91670.0,71850.0,20751000.0,10641000.0,643000.0,4591000.0,1929000.0,32070000.0,83000.0,351000.0,8420000.0,1324000.0
Pays-Bas,0.0,12626000.0,6833000.0,3251000.0,945030.0,129250.0,104430.0,50369000.0,58877000.0,59902000.0,16093000.0,1046000.0,48741000.0,-1410000.0,388000.0,14794000.0,-563000.0
Philippines,0.0,9623000.0,10445000.0,2666000.0,574160.0,54550.0,62660.0,120018000.0,9460000.0,15370000.0,60377000.0,3992000.0,117231000.0,-1387000.0,1538000.0,35424000.0,3121000.0
Pologne,0.0,22638000.0,4223000.0,3526000.0,914390.0,128730.0,103020.0,86080000.0,23813000.0,14133000.0,34707000.0,3351000.0,99238000.0,-1558000.0,2443000.0,20276000.0,3475000.0
Polynésie française,41000.0,13000.0,2000.0,2917000.0,678750.0,125700.0,97510.0,374000.0,9000.0,157000.0,186000.0,15000.0,230000.0,0.0,0.0,112000.0,6000.0
Portugal,0.0,3488000.0,528000.0,3494000.0,1041190.0,145040.0,114410.0,18562000.0,5266000.0,11969000.0,10716000.0,647000.0,12584000.0,-393000.0,140000.0,3442000.0,751000.0
Pérou,0.0,5098000.0,3287000.0,2767000.0,695800.0,49750.0,78380.0,46941000.0,8069000.0,8759000.0,21877000.0,4440000.0,44186000.0,-80000.0,564000.0,11748000.0,296000.0
Roumanie,0.0,8354000.0,2274000.0,3525000.0,1047660.0,122710.0,106620.0,36894000.0,15862000.0,8093000.0,20595000.0,751000.0,51510000.0,-517000.0,1526000.0,3907000.0,6850000.0
Royaume-Uni de Grande-Bretagne et d'Irlande du Nord,0.0,14164000.0,3490000.0,3428000.0,903960.0,140770.0,103870.0,94597000.0,14656000.0,38016000.0,60347000.0,1671000.0,74136000.0,0.0,1138000.0,13794000.0,2931000.0
Rwanda,0.0,341000.0,11000.0,2210000.0,725560.0,27510.0,59200.0,9101000.0,57000.0,616000.0,8692000.0,759000.0,7847000.0,-966000.0,101000.0,165000.0,-698000.0
République centrafricaine,0.0,30000.0,23000.0,1754000.0,480620.0,48910.0,46400.0,2706000.0,2000.0,46000.0,2206000.0,159000.0,2670000.0,-31000.0,63000.0,262000.0,6000.0
République de Corée,0.0,11519000.0,1967000.0,3370000.0,799050.0,107470.0,96970.0,61001000.0,3305000.0,29381000.0,40830000.0,2251000.0,34733000.0,-193000.0,140000.0,4491000.0,-113000.0
République de Moldova,0.0,1444000.0,147000.0,2397000.0,584250.0,68560.0,63320.0,5581000.0,2723000.0,596000.0,2370000.0,321000.0,7957000.0,-156000.0,172000.0,1281000.0,242000.0
République dominicaine,173000.0,1583000.0,24000.0,2856000.0,788930.0,106680.0,66860.0,17126000.0,1028000.0,3277000.0,8289000.0,985000.0,15241000.0,-5000.0,46000.0,6018000.0,370000.0
République démocratique populaire lao,0.0,1000.0,0.0,3044000.0,888620.0,51240.0,83190.0,176000.0,0.0,1000.0,175000.0,0.0,175000.0,0.0,0.0,0.0,0.0
République populaire démocratique de Corée,0.0,1174000.0,804000.0,2033000.0,492710.0,38130.0,52270.0,16438000.0,128000.0,1001000.0,12532000.0,1090000.0,14515000.0,-8000.0,170000.0,676000.0,-1053000.0
République-Unie de Tanzanie,0.0,2725000.0,462000.0,2390000.0,583370.0,53700.0,59750.0,43867000.0,998000.0,1708000.0,31888000.0,3540000.0,45188000.0,-47000.0,801000.0,4500000.0,2032000.0
Saint-Kitts-et-Nevis,4000.0,0.0,17000.0,2517000.0,527370.0,97140.0,76860.0,50000.0,1000.0,28000.0,23000.0,0.0,28000.0,0.0,0.0,3000.0,3000.0
Saint-Vincent-et-les Grenadines,0.0,56000.0,45000.0,2962000.0,657790.0,79430.0,89170.0,206000.0,37000.0,82000.0,67000.0,12000.0,170000.0,0.0,0.0,25000.0,5000.0
Sainte-Lucie,10000.0,3000.0,1000.0,2658000.0,556080.0,82580.0,86260.0,134000.0,36000.0,104000.0,96000.0,9000.0,68000.0,0.0,0.0,6000.0,1000.0
Samoa,56000.0,40000.0,1000.0,2971000.0,833430.0,139120.0,85700.0,346000.0,18000.0,70000.0,159000.0,18000.0,293000.0,-1000.0,0.0,65000.0,-1000.0
Sao Tomé-et-Principe,0.0,9000.0,7000.0,2417000.0,614330.0,74520.0,52000.0,177000.0,7000.0,43000.0,123000.0,15000.0,147000.0,0.0,1000.0,21000.0,5000.0
Serbie,0.0,3141000.0,368000.0,2799000.0,744900.0,83810.0,82430.0,14588000.0,4798000.0,1231000.0,6582000.0,651000.0,17550000.0,-322000.0,273000.0,3899000.0,-600000.0
Sierra Leone,0.0,1594000.0,301000.0,2452000.0,525100.0,53630.0,55660.0,9071000.0,52000.0,864000.0,3935000.0,2745000.0,8263000.0,0.0,95000.0,399000.0,3000.0
Slovaquie,0.0,1009000.0,263000.0,2771000.0,688570.0,159110.0,62250.0,7386000.0,4725000.0,3973000.0,3750000.0,194000.0,8036000.0,-78000.0,152000.0,2097000.0,-105000.0
Slovénie,0.0,355000.0,84000.0,3200000.0,917880.0,120370.0,98290.0,2703000.0,1741000.0,2414000.0,1902000.0,230000.0,2034000.0,7000.0,12000.0,105000.0,3000.0
Soudan,0.0,956000.0,1180000.0,2431000.0,506060.0,68160.0,67880.0,31387000.0,776000.0,4063000.0,20653000.0,1806000.0,28852000.0,72000.0,349000.0,6369000.0,750000.0
Sri Lanka,0.0,830000.0,504000.0,2609000.0,510990.0,49950.0,64270.0,14141000.0,856000.0,4562000.0,10796000.0,673000.0,9574000.0,-9000.0,123000.0,1225000.0,-849000.0
Suisse,0.0,2041000.0,634000.0,3414000.0,929690.0,149270.0,95460.0,12871000.0,2030000.0,4978000.0,7860000.0,211000.0,10086000.0,-72000.0,55000.0,2141000.0,152000.0
Suriname,0.0,52000.0,92000.0,2694000.0,581490.0,76900.0,60150.0,654000.0,184000.0,189000.0,326000.0,49000.0,701000.0,0.0,9000.0,118000.0,45000.0
Suède,0.0,3059000.0,965000.0,3214000.0,928800.0,134730.0,107030.0,16839000.0,5401000.0,7939000.0,9200000.0,451000.0,14995000.0,-104000.0,264000.0,3005000.0,694000.0
Sénégal,0.0,285000.0,665000.0,2611000.0,439200.0,73470.0,60470.0,9756000.0,784000.0,4051000.0,6771000.0,467000.0,6340000.0,-32000.0,115000.0,1474000.0,-151000.0
Tadjikistan,0.0,2823000.0,38000.0,2099000.0,541030.0,57460.0,55380.0,8263000.0,131000.0,1579000.0,4802000.0,412000.0,6874000.0,-38000.0,66000.0,152000.0,61000.0
Tchad,0.0,265000.0,1000.0,2092000.0,343510.0,57090.0,70510.0,7109000.0,215000.0,219000.0,5154000.0,703000.0,7547000.0,0.0,149000.0,832000.0,443000.0
Tchéquie,0.0,3257000.0,500000.0,3275000.0,869220.0,141680.0,86480.0,20651000.0,8951000.0,6406000.0,9251000.0,588000.0,22426000.0,-97000.0,387000.0,6764000.0,-766000.0
Thaïlande,0.0,15068000.0,6227000.0,2826000.0,554590.0,64180.0,60940.0,185696000.0,67587000.0,12436000.0,38386000.0,6963000.0,231734000.0,-1269000.0,1060000.0,119264000.0,-9121000.0
Timor-Leste,0.0,16000.0,4000.0,2142000.0,390220.0,44970.0,57690.0,535000.0,6000.0,184000.0,483000.0,20000.0,414000.0,0.0,5000.0,7000.0,55000.0
Togo,0.0,479000.0,83000.0,2426000.0,445060.0,56040.0,57310.0,4798000.0,284000.0,909000.0,3422000.0,529000.0,4395000.0,-78000.0,118000.0,239000.0,223000.0
Trinité-et-Tobago,1000.0,104000.0,19000.0,3039000.0,511810.0,88910.0,84660.0,893000.0,176000.0,732000.0,704000.0,16000.0,332000.0,-1000.0,3000.0,35000.0,-4000.0
Tunisie,0.0,2539000.0,168000.0,3469000.0,864040.0,98320.0,98970.0,15095000.0,1170000.0,5658000.0,9881000.0,920000.0,10994000.0,-365000.0,95000.0,1861000.0,382000.0
Turkménistan,0.0,2459000.0,115000.0,2872000.0,687840.0,86330.0,92840.0,7519000.0,63000.0,1306000.0,3957000.0,302000.0,6138000.0,0.0,134000.0,547000.0,-139000.0
Turquie,0.0,24205000.0,2863000.0,3538000.0,939160.0,126010.0,101200.0,147657000.0,18501000.0,16773000.0,76182000.0,12229000.0,151836000.0,-234000.0,2479000.0,29937000.0,2478000.0
Ukraine,0.0,23215000.0,4004000.0,3033000.0,855420.0,79420.0,86150.0,100926000.0,58297000.0,2661000.0,38058000.0,3651000.0,155516000.0,-1141000.0,7520000.0,25617000.0,-1046000.0
Uruguay,0.0,867000.0,130000.0,3151000.0,761740.0,109560.0,84260.0,4440000.0,7236000.0,973000.0,2617000.0,425000.0,10656000.0,-278000.0,160000.0,514000.0,-51000.0
Vanuatu,63000.0,55000.0,14000.0,2623000.0,655880.0,98260.0,63720.0,443000.0,159000.0,49000.0,184000.0,21000.0,529000.0,0.0,0.0,101000.0,-27000.0
Venezuela (République bolivarienne du),0.0,1472000.0,110000.0,2247000.0,534050.0,64850.0,56300.0,21360000.0,71000.0,4662000.0,15699000.0,1103000.0,15593000.0,-297000.0,58000.0,3211000.0,-1175000.0
Viet Nam,0.0,17903000.0,4998000.0,2938000.0,713460.0,78450.0,90030.0,119375000.0,24182000.0,25602000.0,67490000.0,7797000.0,126883000.0,-489000.0,1586000.0,20089000.0,8928000.0
Yémen,0.0,303000.0,156000.0,2062000.0,302470.0,38980.0,53240.0,8926000.0,277000.0,6131000.0,8415000.0,156000.0,3413000.0,-196000.0,55000.0,31000.0,341000.0
Zambie,0.0,1180000.0,239000.0,2008000.0,355990.0,44670.0,59060.0,12219000.0,831000.0,527000.0,5998000.0,581000.0,12992000.0,-50000.0,91000.0,4175000.0,469000.0
Zimbabwe,0.0,128000.0,16000.0,2167000.0,337970.0,57040.0,51200.0,9155000.0,217000.0,1078000.0,4812000.0,370000.0,7579000.0,-2000.0,65000.0,3761000.0,-712000.0
Égypte,11000.0,13410000.0,3045000.0,3315000.0,747610.0,56810.0,96270.0,120217000.0,4842000.0,25755000.0,72094000.0,8372000.0,100210000.0,-5978000.0,861000.0,28385000.0,904000.0
Émirats arabes unis,0.0,1479000.0,2661000.0,3370000.0,627670.0,89310.0,107260.0,11795000.0,4914000.0,14986000.0,5958000.0,525000.0,1793000.0,94000.0,6000.0,1068000.0,95000.0
Équateur,0.0,1017000.0,2475000.0,2585000.0,563620.0,89240.0,65770.0,23810000.0,8897000.0,2134000.0,9465000.0,860000.0,30843000.0,-102000.0,140000.0,9955000.0,377000.0
États-Unis d'Amérique,0.0,151389000.0,171964000.0,3762000.0,990380.0,167000.0,113610.0,849821000.0,207278000.0,84507000.0,322036000.0,36551000.0,974034000.0,2576000.0,12380000.0,152924000.0,1454000.0
Éthiopie,0.0,4710000.0,4126000.0,2304000.0,361770.0,26800.0,65640.0,55860000.0,1259000.0,2967000.0,38502000.0,2915000.0,52164000.0,-6000.0,1038000.0,4577000.0,-1983000.0
Îles Salomon,182000.0,15000.0,11000.0,2410000.0,659790.0,50950.0,53640.0,989000.0,164000.0,124000.0,419000.0,54000.0,1059000.0,-3000.0,0.0,309000.0,31000.0
