country_code,zone,besoins_energetiques_alimentaires_minimaux_(kcal/personne/jour),besoins_energetiques_alimentaires_moyens_(kcal/personne/jour),coefficient_de_variation_de_la_distribution_de_la_consommation_calorique_habituelle_(vraie_valeur),densite_du_reseau_ferroviaire_(pour_100_km_carres_de_surface_totale_du_pays),disponibilite_alimentaire_par_habitant_utilisee_dans_l'estimation_de_la_prevalence_de_la_sous-alimentation_(kcal/personne/jour),disponibilite_alimentaire_par_habitant_utilisee_dans_l'estimation_de_la_prevalence_de_la_sous-alimentation_(kcal/personne/jour)_(moyenne_sur_3_ans),disponibilites_moyennes_de_matiere_grasse_(g/personne/jour)_(moyenne_sur_3_ans),disponibilites_proteines_moyennes_d'origine_animale_(g/personne/jour)_(moyenne_sur_3_ans),disponibilites_proteiques_moyennes_(g/personne/jour)_(moyenne_sur_3_ans),incidence_des_pertes_caloriques_au_niveau_de_la_vente_au_detail_(%),nombre_d'adultes_(18_ans_ou_plus)_obeses_(millions),nombre_d'enfants_de_moins_de_5_ans_presentant_un_exces_ponderal_(estimation_modelisee)_(millions),nombre_d'enfants_de_moins_de_5_ans_presentant_un_retard_de_croissance_(estimation_modelisee)_(millions),nombre_d'enfants_de_moins_de_5_ans_emacies_(millions),nombre_de_femmes_adultes_en_situation_d'insecurite_alimentaire_grave_(millions)_(moyenne_sur_3_ans),nombre_de_femmes_adultes_en_situation_d'insecurite_alimentaire_moderee_ou_grave_(millions)_(moyenne_sur_3_ans),nombre_de_nouveaux-nes_en_insuffisance_ponderale_(millions),nombre_de_personnes_en_situation_d'insecurite_alimentaire_grave_(millions)_(moyenne_sur_3_ans),nombre_de_personnes_en_situation_d'insecurite_alimentaire_moderee_ou_grave_(millions)_(moyenne_sur_3_ans),nombre_de_personnes_sous-alimentees_(millions)_(moyenne_sur_3_ans),nombre_d'hommes_adultes_en_situation_d'insecurite_alimentaire_moderee_ou_grave_(millions)_(moyenne_sur_3_ans),"pib_par_habitant,_($_ppa_internationaux_constants_de_2017)","part_des_cereales,_des_racines_et_des_tubercules_dans_les_apports_energetiques_alimentaires_(%)_(moyenne_sur_3_ans)",pourcentage_de_la_population_ayant_acces_a_des_services_d'assainissement_geres_en_toute_securite,pourcentage_de_la_population_ayant_acces_a_des_services_d'eau_potable_geres_en_toute_securite,pourcentage_de_la_population_utilisant_au_moins_les_services_d'assainissement_de_base,pourcentage_de_la_population_utilisant_au_moins_les_services_d'eau_de_base,pourcentage_des_enfants_de_moins_de_5_ans_presentant_un_retard_de_croissance_(estimation_modelisee)_(%),pourcentage_des_enfants_de_moins_de_5_ans_emacies_(%),pourcentage_des_terres_arables_amenagees_pour_l'irrigation_(%)_(moyenne_sur_3_ans),prevalence_de_l'allaitement_exclusif_au_sein_du_nourrisson_de_0_a_5_mois,prevalence_de_l'exces_ponderal_chez_l'enfant_de_moins_de_5_ans_(estimation_modelisee)_(%),prevalence_de_l'insuffisance_ponderale_a_la_naissance_(%),prevalence_de_l'obesite_chez_l'adulte_(18_ans_ou_plus),prevalence_de_la_sous-alimentation_(%)_(moyenne_sur_3_ans),prevalence_de_l'insecurite_alimentaire_grave_-_femmes_adultes_(%)_(moyenne_sur_3_ans),prevalence_de_l'insecurite_alimentaire_grave_-_hommes_adultes_(%)_(moyenne_sur_3_ans),prevalence_de_l'insecurite_alimentaire_grave_-_population_totale_(%)_(moyenne_sur_3_ans),prevalence_de_l'insecurite_alimentaire_moderee_ou_grave_-_femmes_adultes_(%)_(moyenne_sur_3_ans),prevalence_de_l'insecurite_alimentaire_moderee_ou_grave_-_hommes_adultes_(%)_(moyenne_sur_3_ans),prevalence_de_l'insecurite_alimentaire_moderee_ou_grave_-_population_totale_(%)_(moyenne_sur_3_ans),stabilite_politique_et_absence_de_violence/terrorisme_(indice),suffisance_des_apports_energetiques_alimentaires_moyens_(%)_(moyenne_sur_3_ans),taux_de_dependance_a_l'egard_des_importations_cerealieres_(%)_(moyenne_sur_3_ans),valeur_des_importations_alimentaires_par_rapport_aux_exportations_totales_de_marchandises_(%)_(moyenne_sur_3_ans),variabilite_des_disponibilites_alimentaires_par_habitant_(kcal/personne/jour)
1,Arménie,1872.0,2420.0,0.21,2.3,3218.0,3226.0,113.1,55.0,107.9,2.47,500000.0,0.0,0.0,0.0,0.0,300000.0,0.0,0.0,700000.0,0.0,0.0,15889300000.0,39.0,11.0,83.0,94.0,99.0,8.0,0.0,7.3,0.0,11.3,8.3,23.7,0.0,0.0,0.0,0.0,27.3,22.5,24.9,-0.77,133.0,85.9,24.0,51.0
10,Australie,1920.0,2493.0,0.21,0.0,3480.0,3479.0,158.0,81.2,121.5,2.03,5900000.0,300000.0,100000.0,0.0,1000000.0,3900000.0,0.0,4000000.0,9300000.0,0.0,3600000.0,56298200000.0,23.0,96.0,0.0,99.0,99.0,3.3,0.0,0.3,0.0,20.4,6.6,29.3,0.0,9.4,12.6,10.9,36.0,35.7,35.8,0.86,140.0,-163.2,5.0,31.0
100,Inde,1797.0,2325.0,0.27,2.1,2552.0,2551.0,60.4,17.7,69.8,3.01,62300000.0,3000000.0,39100000.0,21900000.0,0.0,0.0,6300000.0,0.0,0.0,182500000.0,0.0,7436100000.0,54.0,48.0,0.0,73.0,92.0,33.5,18.7,25.1,63.7,2.5,27.4,6.5,13.1,0.0,0.0,0.0,0.0,0.0,0.0,-0.84,110.0,-8.9,6.0,20.0
101,Indonésie,1791.0,2311.0,0.28,0.0,2911.0,2906.0,75.4,28.2,76.4,3.16,18800000.0,2600000.0,7200000.0,0.0,0.0,15300000.0,400000.0,0.0,41700000.0,17100000.0,15600000.0,12523200000.0,57.0,0.0,30.0,84.0,93.0,31.9,0.0,3.6,0.0,11.6,9.9,10.0,6.3,0.0,0.0,0.0,15.3,15.3,15.3,-0.46,126.0,15.3,8.0,43.0
102,Iran (République islamique d'),1841.0,2376.0,0.27,0.5,2919.0,2907.0,78.5,26.8,82.4,3.0,14800000.0,300000.0,400000.0,0.0,7200000.0,41000000.0,0.0,28300000.0,111000000.0,5700000.0,43400000.0,14468600000.0,51.0,0.0,94.0,90.0,97.0,4.9,0.0,5.9,0.0,3.8,0.0,23.5,6.5,22.1,24.2,23.1,124.5,130.0,127.2,-1.7,122.0,47.8,14.0,37.0
103,Iraq,1769.0,2279.0,0.34,0.0,2674.0,2667.0,66.3,16.3,70.9,2.8,9300000.0,400000.0,600000.0,0.0,0.0,0.0,100000.0,0.0,0.0,6700000.0,0.0,12563700000.0,59.0,51.0,60.0,98.0,98.0,11.3,0.0,8.1,0.0,6.9,10.9,39.3,15.8,0.0,0.0,0.0,0.0,0.0,0.0,-2.47,117.0,46.3,15.0,19.0
104,Irlande,1917.0,2486.0,0.21,2.7,3888.0,3886.0,148.8,86.0,130.2,1.86,1000000.0,0.0,0.0,0.0,0.0,200000.0,0.0,500000.0,1000000.0,0.0,400000.0,100077000000.0,28.0,80.0,96.0,89.0,96.0,0.0,0.0,0.0,0.0,0.0,5.6,27.6,0.0,7.6,11.7,9.6,16.5,22.8,19.6,0.97,156.0,58.3,5.0,39.0
105,Israël,1780.0,2298.0,0.21,7.3,3684.0,3677.0,163.9,79.8,133.9,2.19,1300000.0,0.0,0.0,0.0,0.0,1300000.0,0.0,700000.0,3600000.0,0.0,1400000.0,43189500000.0,31.0,95.0,99.0,99.0,99.0,0.0,0.0,14.1,0.0,0.0,9.0,22.3,0.0,4.4,7.8,6.1,39.8,45.2,42.6,-0.89,160.0,91.8,10.0,19.0
106,Italie,1946.0,2528.0,0.2,5.7,3688.0,3690.0,160.1,68.9,116.1,1.87,8500000.0,0.0,0.0,0.0,0.0,0.0,0.0,0.0,0.0,0.0,0.0,45844700000.0,31.0,79.0,93.0,99.0,99.0,0.0,0.0,13.9,0.0,0.0,7.2,17.0,0.0,0.0,0.0,0.0,0.0,0.0,0.0,0.4,146.0,39.8,7.0,30.0
107,Côte d'Ivoire,1732.0,2233.0,0.32,0.2,2892.0,2895.0,55.0,16.0,65.4,3.95,1500000.0,100000.0,900000.0,0.0,2100000.0,9200000.0,200000.0,9400000.0,32400000.0,2400000.0,9500000.0,6161200000.0,70.0,17.0,44.0,36.0,73.0,21.8,0.0,0.2,0.0,2.5,18.3,10.8,8.8,27.6,27.1,27.3,120.9,121.2,121.2,-1.03,130.0,48.4,12.0,8.0
108,Kazakhstan,1819.0,2347.0,0.25,0.6,3383.0,3373.0,135.7,62.9,110.4,2.49,2300000.0,200000.0,100000.0,0.0,0.0,600000.0,0.0,0.0,1500000.0,0.0,500000.0,33251400000.0,33.0,0.0,89.0,98.0,95.0,5.8,0.0,0.8,0.0,8.2,5.3,17.9,0.0,0.7,0.8,0.8,8.8,8.3,8.5,-0.26,144.0,-66.1,7.0,69.0
109,Jamaïque,1926.0,2504.0,0.24,0.0,2840.0,2876.0,84.0,47.2,89.7,2.87,700000.0,0.0,0.0,0.0,900000.0,1900000.0,0.0,2700000.0,4300000.0,200000.0,1500000.0,9211800000.0,38.0,0.0,0.0,87.0,91.0,6.5,0.0,2.8,0.0,6.0,13.7,32.3,7.0,80.1,58.8,69.4,165.6,136.2,150.8,0.26,115.0,99.0,67.0,35.0
11,Autriche,1950.0,2535.0,0.2,5.9,3777.0,3803.0,182.7,66.4,109.3,1.72,1100000.0,0.0,0.0,0.0,0.0,400000.0,0.0,300000.0,900000.0,0.0,300000.0,61108400000.0,26.0,99.0,99.0,99.0,99.0,0.0,0.0,1.2,0.0,0.0,6.3,15.0,0.0,3.7,3.4,3.3,10.8,9.3,10.0,0.89,150.0,20.3,7.0,30.0
110,Japon,1868.0,2422.0,0.17,0.0,2665.0,2684.0,92.0,51.4,92.4,2.12,5500000.0,100000.0,200000.0,0.0,0.0,5000000.0,100000.0,5900000.0,14100000.0,3600000.0,7400000.0,42988500000.0,39.0,99.0,99.0,99.0,99.0,5.2,0.0,6.6,0.0,2.0,11.3,5.1,2.9,0.7,4.3,2.3,8.7,13.9,11.4,1.03,111.0,66.7,7.0,25.0
112,Jordanie,1822.0,2355.0,0.29,0.0,2581.0,2567.0,87.6,27.7,70.7,2.48,2600000.0,100000.0,100000.0,0.0,0.0,0.0,0.0,0.0,0.0,1700000.0,0.0,8970200000.0,42.0,82.0,86.0,97.0,99.0,7.1,0.0,1.2,0.0,8.1,18.9,38.2,15.8,0.0,0.0,0.0,0.0,0.0,0.0,-0.27,109.0,99.5,43.0,46.0
113,Kirghizistan,1793.0,2311.0,0.23,0.2,2733.0,2730.0,77.9,39.2,90.1,2.62,1000000.0,0.0,100000.0,0.0,0.0,500000.0,0.0,0.0,1200000.0,300000.0,300000.0,5661300000.0,49.0,92.0,76.0,98.0,91.0,11.1,0.0,5.3,0.0,6.1,6.0,25.3,5.1,2.8,3.0,3.0,20.6,19.3,19.9,-0.46,118.0,26.2,31.0,39.0
114,Kenya,1747.0,2254.0,0.29,0.0,2263.0,2244.0,52.4,15.0,57.9,3.44,3200000.0,300000.0,1400000.0,0.0,13700000.0,35800000.0,100000.0,51800000.0,108300000.0,13500000.0,30400000.0,5079900000.0,53.0,31.0,0.0,36.0,62.0,20.1,0.0,0.3,0.0,3.8,10.0,11.4,26.0,85.2,71.3,78.2,222.4,194.6,208.5,-1.01,99.0,47.8,42.0,51.0
115,Cambodge,1779.0,2295.0,0.24,0.0,2788.0,2804.0,36.3,20.6,62.3,3.41,400000.0,100000.0,400000.0,0.0,3100000.0,9400000.0,0.0,9500000.0,24600000.0,800000.0,7800000.0,4584200000.0,76.0,34.0,28.0,70.0,76.0,23.8,0.0,1.5,0.0,3.1,11.4,3.8,4.9,52.8,37.7,45.2,159.5,140.7,150.0,-0.21,122.0,-2.4,6.0,40.0
116,République populaire démocratique de Corée,1862.0,2411.0,0.26,0.0,0.0,0.0,0.0,0.0,0.0,3.05,2000000.0,0.0,300000.0,0.0,0.0,0.0,0.0,0.0,0.0,0.0,0.0,0.0,0.0,0.0,66.0,85.0,94.0,18.2,0.0,12.1,0.0,2.5,0.0,9.8,0.0,0.0,0.0,0.0,0.0,0.0,0.0,-0.38,84.0,0.0,318.0,30.0
117,République de Corée,1904.0,2469.0,0.22,4.3,3378.0,3386.0,123.6,60.7,107.4,2.29,2900000.0,100000.0,0.0,0.0,300000.0,3000000.0,0.0,1600000.0,8300000.000000001,0.0,4300000.0,46506900000.0,34.0,99.0,99.0,99.0,99.0,1.8,0.2,7.3,0.0,5.7,7.5,6.5,0.0,1.6,2.3,1.9,12.8,19.2,16.0,0.61,137.0,76.9,4.0,16.0
118,Koweït,1917.0,2482.0,0.26,0.0,3482.0,3486.0,113.1,57.8,111.9,3.8,1400000.0,0.0,0.0,0.0,0.0,400000.0,0.0,1000000.0,1500000.0,0.0,900000.0,46380200000.0,40.0,99.0,99.0,99.0,99.0,6.5,2.3,1.0,0.0,10.9,14.4,41.2,0.0,12.2,17.5,14.7,32.6,40.5,36.5,0.23,140.0,93.5,8.0,25.0
119,Lettonie,1894.0,2453.0,0.22,2.9,3242.0,3263.0,143.3,66.8,106.8,1.93,400000.0,0.0,0.0,0.0,0.0,100000.0,0.0,0.0,500000.0,0.0,0.0,34168900000.0,29.0,85.0,96.0,92.0,99.0,1.9,0.0,0.0,0.0,6.6,4.2,23.7,0.0,1.7,1.9,1.7,30.4,26.0,28.2,0.46,133.0,-219.4,16.0,14.0
12,Bahamas,1925.0,2499.0,0.23,0.0,0.0,0.0,99.2,64.5,95.9,3.31,100000.0,0.0,0.0,0.0,0.0,0.0,0.0,0.0,0.0,0.0,0.0,24799000000.0,26.0,0.0,0.0,0.0,0.0,0.0,0.0,0.1,0.0,0.0,15.4,45.8,0.0,9.9,10.7,10.2,50.7,52.7,51.7,0.83,0.0,99.4,76.0,0.0
120,République démocratique populaire lao,1820.0,2354.0,0.23,0.0,2728.0,2724.0,42.9,23.0,79.3,3.83,300000.0,0.0,200000.0,0.0,700000.0,2600000.0,0.0,2300000.0,7000000.0,500000.0,2200000.0,8025200000.0,68.0,61.0,18.0,79.0,85.0,29.7,0.0,1.9,0.0,3.5,16.7,7.2,6.3,29.7,20.4,24.9,102.8,88.1,95.4,0.69,116.0,-1.0,13.0,22.0
121,Liban,1825.0,2360.0,0.31,0.0,2896.0,2900.0,95.3,30.6,80.9,2.93,1100000.0,0.0,0.0,0.0,700000.0,1900000.0,0.0,2400000.0,4900000.0,500000.0,1700000.0,12594600000.0,41.0,26.0,48.0,99.0,93.0,7.9,0.0,8.8,0.0,8.1,12.6,29.1,8.9,31.1,30.1,30.6,89.1,84.8,86.9,-1.62,123.0,87.0,51.0,18.0
122,Lesotho,1779.0,2299.0,0.31,0.0,0.0,0.0,37.1,16.2,50.4,3.15,300000.0,0.0,100000.0,0.0,600000.0,1200000.0,0.0,2700000.0,3700000.0,0.0,1200000.0,2440900000.0,67.0,48.0,28.0,50.0,73.0,32.3,0.0,0.1,0.0,7.0,14.4,19.8,0.0,89.9,95.7,92.7,157.8,168.4,163.2,-0.25,0.0,100.0,30.0,0.0
123,Libéria,1718.0,2213.0,0.36,0.0,2108.0,2112.0,40.7,12.6,45.4,3.25,400000.0,0.0,200000.0,0.0,1700000.0,3700000.0,0.0,7300000.0,12300000.0,1900000.0,3500000.0,1513800000.0,72.0,0.0,0.0,21.0,75.0,28.0,0.0,0.0,0.0,4.8,19.9,15.2,37.5,116.1,107.7,111.9,245.6,238.0,241.8,-0.31,95.0,71.8,60.0,25.0
124,Libye,1843.0,2384.0,0.38,0.0,3139.0,3172.0,110.0,42.8,95.1,3.27,1600000.0,200000.0,300000.0,0.0,1800000.0,3300000.0,0.0,5300000.0,7800000.0,700000.0,2300000.0,11660600000.0,41.0,24.0,0.0,92.0,99.0,49.6,0.0,0.2,0.0,27.9,0.0,35.8,11.0,79.0,45.3,62.1,138.7,97.4,118.1,-2.46,133.0,92.5,16.0,12.0
126,Lituanie,1901.0,2463.0,0.23,2.9,3335.0,3328.0,120.5,83.8,125.9,2.0,600000.0,0.0,0.0,0.0,0.0,400000.0,0.0,0.0,800000.0,0.0,200000.0,43758800000.0,33.0,94.0,95.0,94.0,98.0,4.7,0.0,0.1,0.0,4.8,4.4,24.8,0.0,5.0,6.4,5.7,31.5,27.7,29.5,0.92,135.0,-233.7,10.0,27.0
127,Îles Marshall,0.0,0.0,0.0,0.0,0.0,0.0,143.7,61.4,106.4,3.02,0.0,0.0,0.0,0.0,0.0,0.0,0.0,0.0,0.0,0.0,0.0,6317000000.0,34.0,0.0,0.0,81.0,86.0,31.9,0.0,0.0,0.0,4.3,0.0,45.1,0.0,0.0,0.0,0.0,0.0,0.0,0.0,0.98,0.0,84.8,0.0,0.0
128,Chine - RAS de Macao,1885.0,2437.0,0.3,0.0,2934.0,3016.0,128.4,74.2,115.7,2.67,0.0,0.0,0.0,0.0,0.0,0.0,0.0,0.0,0.0,0.0,0.0,60597700000.0,30.0,66.0,99.0,99.0,99.0,0.0,0.0,0.0,0.0,0.0,0.0,0.0,8.7,0.0,0.0,0.0,0.0,0.0,0.0,1.14,124.0,0.0,108.0,28.0
129,Madagascar,1693.0,2183.0,0.29,0.1,1982.0,1985.0,23.3,5.5,39.6,3.0,600000.0,100000.0,1600000.0,0.0,3000000.0,16399999.999999998,200000.0,11000000.0,51700000.0,10600000.0,14800000.0,1591200000.0,79.0,12.0,21.0,14.0,52.0,40.4,0.0,1.9,0.0,1.5,18.7,3.7,37.6,34.2,27.5,30.9,192.6,174.1,183.3,-0.51,91.0,20.7,26.0,7.0
13,Bahreïn,1935.0,2514.0,0.11,0.0,0.0,0.0,126.6,61.3,107.9,3.23,400000.0,0.0,0.0,0.0,0.0,0.0,0.0,0.0,0.0,0.0,0.0,52429600000.0,33.0,92.0,99.0,99.0,99.0,5.3,0.0,4.8,0.0,0.0,12.4,35.3,0.0,0.0,0.0,0.0,0.0,0.0,0.0,-0.61,0.0,0.0,9.0,0.0
130,Malawi,1695.0,2182.0,0.4,0.0,2642.0,2635.0,45.3,16.2,66.2,4.36,700000.0,100000.0,1100000.0,100000.0,9200000.0,14100000.0,100000.0,37200000.0,47200000.0,3700000.0,12600000.0,1730000000.0,67.0,42.0,16.0,45.0,70.0,35.3,2.6,1.0,64.1,3.8,15.6,6.9,19.0,160.2,145.9,153.0,245.7,241.9,243.8,-0.12,121.0,2.8,29.0,22.0
131,Malaisie,1847.0,2394.0,0.21,0.5,2999.0,2977.0,103.6,52.8,91.2,2.79,5000000.0,200000.0,600000.0,0.0,1900000.0,5000000.0,100000.0,9300000.0,15400000.0,0.0,6900000.0,29815900000.0,39.0,84.0,94.0,96.0,97.0,21.4,0.0,1.3,0.0,5.8,13.8,20.8,0.0,14.9,23.0,19.0,40.1,52.5,46.3,0.12,124.0,76.5,6.0,10.0
132,Maldives,1871.0,2424.0,0.26,0.0,0.0,0.0,71.0,51.4,95.5,3.84,100000.0,0.0,0.0,0.0,0.0,0.0,0.0,0.0,0.0,0.0,0.0,13888800000.0,41.0,0.0,0.0,99.0,99.0,14.3,0.0,0.0,0.0,3.8,13.7,15.9,0.0,5.3,8.1,6.7,39.5,40.6,40.1,0.36,0.0,0.0,151.0,0.0
133,Mali,1707.0,2195.0,0.26,0.0,2810.0,2791.0,47.2,10.8,75.9,3.3,1000000.0,100000.0,1000000.0,300000.0,500000.0,3600000.0,0.0,2200000.0,13900000.0,1000000.0,3600000.0,2403100000.0,74.0,15.0,0.0,47.0,81.0,24.9,7.2,0.3,52.0,1.8,0.0,10.4,4.6,8.3,8.0,8.2,66.3,65.1,65.7,-2.15,127.0,6.6,18.0,15.0
134,Malte,1968.0,2563.0,0.21,0.0,3309.0,3323.0,121.8,59.3,102.7,2.02,100000.0,0.0,0.0,0.0,0.0,0.0,0.0,0.0,0.0,0.0,0.0,47836300000.0,35.0,88.0,99.0,99.0,99.0,0.0,0.0,11.9,0.0,0.0,7.2,31.8,0.0,5.4,2.5,4.2,19.1,12.1,15.6,1.0,130.0,100.0,19.0,35.0
136,Mauritanie,1728.0,2224.0,0.33,0.1,2962.0,2959.0,69.1,32.6,86.6,2.95,500000.0,0.0,200000.0,0.0,100000.0,1800000.0,0.0,1100000.0,6100000.0,300000.0,1800000.0,6097800000.0,55.0,0.0,0.0,52.0,74.0,23.3,6.4,0.0,40.9,1.9,0.0,21.2,7.5,20.2,22.9,21.5,129.9,142.2,136.0,-0.7,132.0,59.5,26.0,16.0
137,Maurice,1885.0,2447.0,0.3,0.0,3065.0,3051.0,101.2,47.1,96.1,2.96,200000.0,0.0,0.0,0.0,0.0,500000.0,0.0,200000.0,1100000.0,0.0,400000.0,21994700000.0,42.0,0.0,0.0,0.0,99.0,8.8,0.0,9.5,0.0,6.8,18.7,18.5,7.2,32.5,22.0,27.3,87.9,81.6,84.7,0.87,125.0,93.2,38.0,11.0
138,Mexique,1852.0,2398.0,0.28,0.0,3271.0,3273.0,103.7,55.0,98.5,2.75,30300000.0,700000.0,1300000.0,200000.0,6000000.0,44500000.0,200000.0,17300000.0,96200000.0,4099999.9999999995,27800000.0,20070500000.0,42.0,58.0,43.0,91.0,99.0,12.8,1.6,3.8,0.0,6.7,10.2,34.7,3.2,12.4,8.7,10.6,91.5,61.3,76.4,-0.79,136.0,39.1,5.0,11.0
14,Barbade,1915.0,2487.0,0.26,0.0,3194.0,3168.0,102.9,61.0,108.6,2.75,100000.0,0.0,0.0,0.0,0.0,0.0,0.0,0.0,0.0,0.0,0.0,14828800000.0,32.0,0.0,0.0,98.0,98.0,6.2,0.0,12.6,0.0,12.7,0.0,36.6,3.5,23.9,20.4,22.2,99.9,86.4,93.3,1.12,127.0,99.5,84.0,38.0
141,Mongolie,1785.0,2296.0,0.27,0.1,2949.0,2949.0,125.0,87.9,124.2,4.21,500000.0,0.0,0.0,0.0,0.0,0.0,0.0,0.0,600000.0,100000.0,0.0,14949000000.0,36.0,65.0,37.0,69.0,82.0,6.9,0.0,0.1,58.0,10.3,4.9,22.8,4.3,0.0,0.0,0.0,19.3,17.9,18.6,0.72,128.0,34.8,8.0,58.0
143,Maroc,1843.0,2384.0,0.33,0.5,3351.0,3370.0,76.3,30.7,100.5,2.79,5200000.0,200000.0,400000.0,0.0,0.0,0.0,100000.0,0.0,0.0,1900000.0,0.0,8028900000.0,59.0,61.0,74.0,87.0,86.0,13.4,0.0,4.4,0.0,5.4,14.8,20.7,5.3,0.0,0.0,0.0,0.0,0.0,0.0,-0.36,141.0,70.1,18.0,21.0
144,Mozambique,1684.0,2166.0,0.29,0.0,2143.0,2132.0,39.6,8.8,44.9,3.22,1400000.0,300000.0,1900000.0,200000.0,0.0,0.0,200000.0,0.0,0.0,8800000.0,0.0,1447600000.0,71.0,0.0,0.0,35.0,60.0,37.7,3.9,0.2,0.0,5.5,17.8,9.2,28.3,0.0,0.0,0.0,0.0,0.0,0.0,-1.28,98.0,51.6,29.0,114.0
145,Micronésie (États fédérés de),1782.0,2297.0,0.11,0.0,0.0,0.0,115.5,46.6,76.9,2.6,0.0,0.0,0.0,0.0,0.0,0.0,0.0,0.0,0.0,0.0,0.0,3774400000.0,39.0,0.0,0.0,90.0,90.0,0.0,0.0,0.0,0.0,0.0,0.0,46.1,0.0,0.0,0.0,0.0,0.0,0.0,0.0,1.12,0.0,0.0,0.0,0.0
146,République de Moldova,1897.0,2455.0,0.2,3.4,2966.0,3003.0,96.0,45.7,91.6,2.27,500000.0,0.0,0.0,0.0,0.0,1100000.0,0.0,500000.0,2300000.0,0.0,700000.0,13559300000.0,35.0,0.0,74.0,84.0,91.0,4.4,0.0,6.6,0.0,2.9,6.5,23.0,0.0,15.9,13.4,14.6,86.0,63.7,74.7,-0.34,122.0,-66.1,24.0,43.0
147,Namibie,1790.0,2310.0,0.33,0.0,2574.0,2571.0,65.5,24.7,69.2,2.93,200000.0,0.0,100000.0,0.0,900000.0,1500000.0,0.0,3100000.0,4300000.0,500000.0,1200000.0,10627100000.0,52.0,0.0,0.0,35.0,85.0,17.8,0.0,0.0,0.0,5.1,15.6,16.3,19.1,102.2,93.3,97.7,180.5,167.0,173.7,0.51,111.0,79.1,14.0,21.0
148,Nauru,0.0,0.0,0.0,0.0,0.0,0.0,124.5,72.2,110.8,2.08,0.0,0.0,0.0,0.0,0.0,0.0,0.0,0.0,0.0,0.0,0.0,11931600000.0,23.0,0.0,0.0,66.0,0.0,15.8,0.0,0.0,0.0,4.4,0.0,69.4,0.0,0.0,0.0,0.0,0.0,0.0,0.0,0.78,0.0,0.0,19.0,0.0
149,Népal,1752.0,2264.0,0.28,0.0,2900.0,2895.0,62.4,17.1,82.3,3.11,1100000.0,0.0,900000.0,0.0,4200000.0,12300000.0,100000.0,16100000.000000002,33400000.0,1600000.0,11100000.0,4355100000.0,63.0,48.0,18.0,77.0,91.0,29.1,0.0,9.6,0.0,1.6,19.7,6.1,5.6,38.9,42.7,40.8,111.3,115.7,113.5,-0.18,128.0,20.1,185.0,29.0
150,Pays-Bas (Royaume des),1981.0,2580.0,0.2,7.4,3475.0,3469.0,139.3,72.5,111.6,2.1,2000000.0,0.0,0.0,0.0,200000.0,900000.0,0.0,1000000.0,2300000.0,0.0,900000.0,64080800000.0,27.0,98.0,99.0,98.0,99.0,1.6,0.0,15.5,0.0,5.0,5.7,14.3,0.0,4.0,4.2,4.2,13.2,13.2,13.2,0.83,134.0,89.1,8.0,58.0
153,Nouvelle-Calédonie,1812.0,2341.0,0.27,0.0,2909.0,2916.0,114.9,59.9,101.8,2.21,0.0,0.0,0.0,0.0,0.0,0.0,0.0,0.0,0.0,0.0,0.0,0.0,36.0,0.0,97.0,99.0,99.0,0.0,0.0,0.5,0.0,0.0,0.0,0.0,6.0,0.0,0.0,0.0,0.0,0.0,0.0,0.0,124.0,87.8,21.0,22.0
154,Macédoine du Nord,1934.0,2510.0,0.25,2.7,3126.0,3124.0,107.5,39.8,91.6,2.39,400000.0,0.0,0.0,0.0,0.0,600000.0,0.0,400000.0,1300000.0,0.0,600000.0,18796400000.0,34.0,12.0,80.0,98.0,98.0,3.9,0.0,5.1,0.0,10.0,8.3,26.3,3.0,19.0,16.8,17.9,65.9,59.7,62.8,0.11,125.0,26.4,12.0,19.0
155,Vanuatu,1681.0,2162.0,0.32,0.0,2802.0,2807.0,113.4,28.3,74.2,3.03,0.0,0.0,0.0,0.0,0.0,0.0,0.0,0.0,0.0,0.0,0.0,3143700000.0,48.0,0.0,0.0,48.0,90.0,30.9,0.0,0.0,0.0,5.1,13.1,20.6,8.0,7.2,7.2,7.2,69.9,69.9,69.9,0.88,130.0,100.0,135.0,19.0
156,Nouvelle-Zélande,1921.0,2494.0,0.21,0.0,3288.0,3309.0,117.1,58.1,100.3,2.1,1300000.0,0.0,0.0,0.0,0.0,900000.0,0.0,600000.0,2200000.0,0.0,800000.0,46361900000.0,32.0,89.0,99.0,99.0,99.0,0.0,0.0,2.8,0.0,0.0,5.9,32.7,0.0,9.4,11.7,10.6,44.3,42.8,43.6,1.47,133.0,46.2,10.0,16.0
157,Nicaragua,1781.0,2301.0,0.34,0.0,2626.0,2635.0,63.1,28.0,70.0,2.52,1400000.0,100000.0,100000.0,0.0,0.0,0.0,0.0,0.0,0.0,1300000.0,0.0,6317300000.0,50.0,0.0,56.0,73.0,82.0,15.3,0.0,1.6,0.0,8.4,10.1,32.4,18.7,0.0,0.0,0.0,0.0,0.0,0.0,-0.59,115.0,46.1,16.0,30.0
158,Niger,1670.0,2145.0,0.31,0.0,2644.0,2581.0,57.3,10.2,88.3,3.11,600000.0,100000.0,2200000.0,600000.0,1600000.0,9400000.0,0.0,7600000.0,36600000.0,2900000.0,9400000.0,1574800000.0,57.0,8.0,0.0,15.0,48.0,46.8,12.0,0.2,21.2,2.2,0.0,5.4,12.0,25.7,24.1,24.9,152.3,148.7,150.5,-1.67,120.0,23.0,66.0,26.0
159,Nigéria,1711.0,2203.0,0.32,0.0,2510.0,2531.0,57.8,7.4,60.5,3.39,11900000.0,800000.0,12000000.0,2200000.0,35100000.0,113300000.0,0.0,158200000.0,393500000.0,31600000.0,109100000.0,5557900000.0,65.0,31.0,28.0,44.0,76.0,35.0,6.5,0.4,0.0,2.2,0.0,11.4,15.1,60.0,58.5,59.3,193.8,183.9,188.8,-1.89,115.0,18.4,10.0,8.0
16,Bangladesh,1786.0,2309.0,0.26,0.0,2571.0,2551.0,37.3,14.4,64.7,2.75,5200000.0,300000.0,4200000.0,0.0,21600000.0,62600000.0,700000.0,71200000.0,159300000.0,20300000.0,53800000.0,6968100000.0,75.0,29.0,59.0,56.0,98.0,28.6,0.0,60.4,0.0,2.2,23.0,4.6,12.1,34.6,29.4,32.0,100.8,89.7,95.1,-0.92,110.0,13.7,25.0,38.0
160,Nioué,0.0,0.0,0.0,0.0,0.0,0.0,0.0,0.0,0.0,3.02,0.0,0.0,0.0,0.0,0.0,0.0,0.0,0.0,0.0,0.0,0.0,0.0,0.0,0.0,94.0,97.0,97.0,0.0,0.0,0.0,0.0,0.0,0.0,65.5,0.0,0.0,0.0,0.0,0.0,0.0,0.0,0.0,0.0,0.0,309.0,0.0
162,Norvège,1962.0,2554.0,0.2,0.6,3532.0,3524.0,138.6,70.1,129.5,2.01,800000.0,0.0,0.0,0.0,0.0,100000.0,0.0,0.0,600000.0,0.0,300000.0,84071800000.0,31.0,78.0,99.0,98.0,99.0,0.0,0.0,0.2,0.0,0.0,4.4,18.6,0.0,2.3,3.8,3.1,12.2,13.8,12.9,1.22,138.0,73.6,5.0,61.0
165,Pakistan,1731.0,2234.0,0.3,0.0,2485.0,2470.0,79.8,29.4,70.4,2.96,26500000.0,900000.0,10600000.0,0.0,24300000.0,76600000.0,0.0,72000000.0,222100000.0,36000000.0,63000000.0,5311400000.0,48.0,0.0,48.0,67.0,90.0,36.0,0.0,25.9,0.0,3.1,0.0,20.7,15.8,34.2,18.0,26.1,107.7,87.9,97.8,-1.79,111.0,-12.3,29.0,22.0
166,Panama,1789.0,2311.0,0.28,0.0,3025.0,3044.0,104.5,56.1,95.7,2.69,1000000.0,0.0,100000.0,0.0,0.0,0.0,0.0,0.0,0.0,200000.0,0.0,27025300000.0,41.0,0.0,0.0,85.0,94.0,14.6,0.0,0.6,0.0,11.4,10.3,34.1,4.7,0.0,0.0,0.0,0.0,0.0,0.0,0.24,132.0,64.6,17.0,67.0
167,Tchéquie,1945.0,2525.0,0.21,11.9,3359.0,3369.0,155.5,61.3,96.1,1.68,2100000.0,0.0,0.0,0.0,0.0,900000.0,0.0,500000.0,1900000.0,0.0,700000.0,45917300000.0,24.0,89.0,98.0,99.0,99.0,2.5,0.0,0.5,0.0,5.9,7.6,25.1,0.0,4.1,5.3,4.7,18.5,16.1,17.3,0.91,133.0,-47.4,4.0,62.0
168,Papouasie-Nouvelle-Guinée,1732.0,2235.0,0.27,0.0,2229.0,2205.0,64.9,32.9,63.1,4.66,1100000.0,200000.0,600000.0,0.0,2500000.0,5300000.0,0.0,10500000.0,16800000.0,2700000.0,5600000.0,4128800000.0,44.0,0.0,0.0,19.0,48.0,50.7,0.0,0.0,0.0,15.5,19.4,19.6,27.4,80.9,80.9,80.9,171.9,171.9,171.9,-0.65,99.0,98.1,7.0,11.0
169,Paraguay,1826.0,2364.0,0.27,0.0,3108.0,3098.0,92.4,33.0,75.6,2.55,1400000.0,100000.0,0.0,0.0,400000.0,1800000.0,0.0,1500000.0,5100000.0,200000.0,1800000.0,14957800000.0,53.0,54.0,64.0,93.0,99.0,4.0,0.0,0.4,0.0,13.8,10.0,31.2,3.4,17.7,15.9,16.8,78.1,73.8,76.0,0.02,131.0,-86.1,9.0,18.0
17,Bermudes,2065.0,2672.0,0.24,0.0,0.0,0.0,0.0,0.0,0.0,3.02,0.0,0.0,0.0,0.0,0.0,0.0,0.0,0.0,0.0,0.0,0.0,88652300000.0,0.0,0.0,0.0,99.0,99.0,0.0,0.0,0.0,0.0,0.0,0.0,31.6,0.0,0.0,0.0,0.0,0.0,0.0,0.0,1.0,0.0,0.0,0.0,0.0
170,Pérou,1788.0,2309.0,0.27,0.0,2824.0,2810.0,66.8,42.7,88.2,3.24,5800000.0,300000.0,300000.0,0.0,8300000.000000001,20500000.0,0.0,27300000.0,50400000.0,2200000.0,16500000.0,13257900000.0,50.0,53.0,51.0,77.0,94.0,11.1,0.4,2.0,69.2,8.7,7.5,25.3,6.7,66.5,56.4,61.5,164.7,138.5,151.5,-0.36,122.0,54.3,8.0,18.0
171,Philippines,1746.0,2253.0,0.27,0.0,2791.0,2806.0,51.1,28.9,75.8,3.02,5700000.0,500000.0,3500000.0,0.0,5400000.0,50000000.0,500000.0,22200000.0,147400000.0,6500000.0,51900000.0,8446900000.0,62.0,61.0,47.0,82.0,94.0,29.7,0.0,6.7,0.0,4.5,21.1,8.0,5.8,13.9,15.2,14.4,129.9,132.9,131.4,-0.78,125.0,31.2,16.0,51.0
173,Pologne,1931.0,2505.0,0.21,6.0,3524.0,3518.0,127.6,70.6,116.5,2.09,8300000.000000001,100000.0,0.0,0.0,500000.0,4700000.0,0.0,1400000.0,8700000.0,0.0,2600000.0,37686900000.0,35.0,98.0,90.0,99.0,91.0,2.3,0.0,1.9,0.0,6.0,5.6,26.3,0.0,3.0,2.1,2.3,27.3,17.1,22.3,0.49,141.0,-19.9,6.0,59.0
174,Portugal,1920.0,2491.0,0.21,2.7,3506.0,3506.0,146.7,77.8,118.6,2.22,1800000.0,0.0,0.0,0.0,300000.0,1800000.0,0.0,1200000.0,3600000.0,0.0,1200000.0,36909200000.0,30.0,92.0,95.0,99.0,99.0,3.2,0.0,6.2,0.0,8.9,8.9,21.1,0.0,8.8,10.5,9.6,39.0,30.6,34.8,1.01,141.0,78.0,14.0,25.0
175,Guinée-Bissau,1740.0,2242.0,0.31,0.0,2162.0,2170.0,69.0,9.6,48.0,2.82,100000.0,0.0,100000.0,0.0,0.0,1200000.0,0.0,600000.0,3800000.0,600000.0,1100000.0,2131600000.0,64.0,15.0,24.0,26.0,62.0,28.2,0.0,0.9,0.0,3.1,19.5,10.6,31.7,26.2,26.2,26.2,186.9,186.9,186.9,-0.72,97.0,0.0,61.0,61.0
176,Timor-Leste,1720.0,2222.0,0.22,0.0,2264.0,2263.0,60.0,21.1,61.4,2.51,0.0,0.0,100000.0,0.0,0.0,600000.0,0.0,300000.0,2100000.0,200000.0,600000.0,6724800000.0,62.0,0.0,0.0,56.0,84.0,46.1,8.3,2.4,65.0,1.4,18.2,2.0,15.4,26.7,26.7,26.7,161.1,161.1,161.1,0.2,102.0,0.0,44.0,21.0
177,Porto Rico,1921.0,2497.0,0.11,0.0,0.0,0.0,0.0,0.0,0.0,3.02,1100000.0,0.0,0.0,0.0,0.0,0.0,0.0,0.0,0.0,0.0,0.0,40131100000.0,0.0,32.0,99.0,99.0,99.0,0.0,0.0,2.5,0.0,0.0,0.0,39.8,0.0,0.0,0.0,0.0,0.0,0.0,0.0,0.44,0.0,0.0,0.0,0.0
178,Érythrée,1735.0,2238.0,0.26,0.0,0.0,0.0,0.0,0.0,0.0,1.51,100000.0,0.0,200000.0,0.0,0.0,0.0,0.0,0.0,0.0,0.0,0.0,0.0,0.0,0.0,0.0,0.0,0.0,51.3,0.0,0.2,0.0,2.8,15.2,4.3,0.0,0.0,0.0,0.0,0.0,0.0,0.0,-0.99,0.0,0.0,24.0,0.0
179,Qatar,2031.0,2654.0,0.11,0.0,0.0,0.0,113.1,57.9,117.0,3.3,1000000.0,0.0,0.0,0.0,0.0,0.0,0.0,0.0,0.0,0.0,0.0,104323000000.0,43.0,98.0,97.0,99.0,99.0,4.8,0.0,2.1,0.0,11.9,10.0,42.0,0.0,0.0,0.0,0.0,0.0,0.0,0.0,0.67,0.0,98.4,4.0,0.0
18,Bhoutan,1833.0,2377.0,0.21,0.0,0.0,0.0,84.4,18.5,76.5,2.98,100000.0,0.0,0.0,0.0,0.0,0.0,0.0,0.0,0.0,0.0,0.0,12937900000.0,64.0,50.0,69.0,77.0,99.0,23.7,0.0,0.9,0.0,6.9,11.4,11.0,0.0,0.0,0.0,0.0,0.0,0.0,0.0,1.01,0.0,68.4,23.0,0.0
180,Palaos,0.0,0.0,0.0,0.0,0.0,0.0,67.8,64.7,95.2,3.02,0.0,0.0,0.0,0.0,0.0,0.0,0.0,0.0,0.0,0.0,0.0,18101700000.0,37.0,0.0,88.0,98.0,99.0,0.0,0.0,0.0,0.0,0.0,13.5,40.7,0.0,0.0,0.0,0.0,0.0,0.0,0.0,1.17,0.0,0.0,0.0,0.0
181,Zimbabwe,1743.0,2245.0,0.31,0.8,2017.0,2034.0,69.1,28.2,56.4,2.73,1100000.0,100000.0,500000.0,0.0,5100000.0,11400000.0,100000.0,18400000.0,34300000.0,6200000.0,9000000.0,3082900000.0,53.0,32.0,27.0,35.0,63.0,22.5,0.0,0.5,0.0,3.0,11.8,13.2,39.5,99.2,88.8,93.9,224.3,213.9,219.1,-1.05,91.0,44.1,15.0,21.0
183,Roumanie,1915.0,2483.0,0.2,4.5,3637.0,3649.0,132.6,59.6,109.8,2.12,4900000.0,0.0,100000.0,0.0,900000.0,3900000.0,0.0,3000000.0,7800000.0,0.0,2700000.0,35653400000.0,38.0,84.0,82.0,87.0,99.0,8.0,0.0,13.8,0.0,4.6,8.8,31.5,0.0,9.5,12.3,11.0,45.4,35.3,40.3,0.51,147.0,-61.5,11.0,28.0
184,Rwanda,1731.0,2231.0,0.36,0.0,2222.0,2232.0,27.4,7.2,56.8,5.6,300000.0,100000.0,600000.0,0.0,0.0,0.0,0.0,0.0,0.0,4600000.0,0.0,2499000000.0,55.0,0.0,0.0,72.0,63.0,31.6,1.1,0.3,80.9,5.1,9.4,4.3,34.7,0.0,0.0,0.0,0.0,0.0,0.0,0.07,100.0,36.9,41.0,25.0
185,Fédération de Russie,1906.0,2463.0,0.22,0.5,3369.0,3366.0,114.9,62.8,113.2,2.11,27500000.0,600000.0,0.0,0.0,0.0,10500000.0,100000.0,0.0,24100000.0,0.0,9200000.0,36928700000.0,40.0,61.0,76.0,89.0,97.0,0.0,0.0,0.3,0.0,7.5,7.3,23.8,0.0,0.0,0.0,0.0,16.2,16.9,16.5,-0.67,137.0,-47.3,6.0,11.0
188,Saint-Kitts-et-Nevis,0.0,0.0,0.0,0.0,0.0,0.0,113.1,59.9,95.4,2.87,0.0,0.0,0.0,0.0,0.0,0.0,0.0,0.0,0.0,0.0,0.0,26636900000.0,29.0,0.0,0.0,0.0,0.0,0.0,0.0,0.1,0.0,0.0,0.0,44.3,0.0,0.0,0.0,19.2,0.0,0.0,80.7,0.93,0.0,0.0,85.0,0.0
189,Sainte-Lucie,1932.0,2513.0,0.22,0.0,0.0,0.0,84.6,62.3,101.7,2.92,0.0,0.0,0.0,0.0,0.0,0.0,0.0,0.0,0.0,0.0,0.0,17804500000.0,36.0,0.0,0.0,83.0,97.0,2.5,0.0,4.9,0.0,6.0,16.3,31.9,0.0,0.0,0.0,0.0,0.0,0.0,0.0,0.86,0.0,92.7,208.0,0.0
19,Bolivie (État plurinational de),1762.0,2273.0,0.24,0.0,2380.0,2386.0,59.1,41.8,80.1,2.97,2000000.0,100000.0,200000.0,0.0,0.0,0.0,0.0,0.0,0.0,2000000.0,0.0,8910600000.0,49.0,0.0,0.0,66.0,93.0,12.3,0.0,0.5,0.0,8.8,7.9,26.9,16.9,0.0,0.0,0.0,0.0,0.0,0.0,-0.45,105.0,16.3,7.0,22.0
191,Saint-Vincent-et-les Grenadines,1915.0,2483.0,0.24,0.0,2929.0,2947.0,97.2,64.6,112.8,3.29,0.0,0.0,0.0,0.0,0.0,0.0,0.0,0.0,0.0,0.0,0.0,15505400000.0,29.0,0.0,0.0,0.0,0.0,0.0,0.0,1.3,0.0,0.0,0.0,31.8,6.1,30.9,30.9,30.9,99.9,99.9,99.9,1.03,119.0,87.4,174.0,34.0
193,Sao Tomé-et-Principe,1757.0,2263.0,0.24,0.0,2415.0,2404.0,60.6,20.5,59.5,4.73,0.0,0.0,0.0,0.0,0.0,0.0,0.0,0.0,300000.0,0.0,0.0,5711300000.0,47.0,33.0,36.0,46.0,77.0,11.3,0.0,10.4,0.0,4.1,11.1,15.3,15.5,43.2,41.5,42.4,168.6,159.0,163.8,0.49,106.0,0.0,297.0,27.0
194,Arabie saoudite,1872.0,2426.0,0.28,0.0,3254.0,3241.0,98.3,40.6,92.7,3.4,9900000.0,300000.0,400000.0,100000.0,0.0,0.0,0.0,0.0,0.0,1400000.0,0.0,45714800000.0,46.0,80.0,0.0,95.0,99.0,12.6,4.5,1.5,0.0,10.7,0.0,39.6,4.0,0.0,0.0,0.0,0.0,0.0,0.0,-0.65,134.0,93.2,8.0,36.0
195,Sénégal,1760.0,2269.0,0.24,0.0,2790.0,2768.0,76.9,16.1,68.1,2.9,800000.0,100000.0,400000.0,0.0,700000.0,4200000.0,100000.0,3100000.0,15600000.0,800000.0,4800000.0,4111700000.0,60.0,14.0,26.0,58.0,84.0,17.7,0.0,0.6,0.0,2.6,17.2,9.6,4.7,14.0,16.3,15.2,84.0,105.9,94.9,-0.14,122.0,45.7,40.0,23.0
196,Seychelles,1872.0,2421.0,0.23,0.0,3182.0,3167.0,92.5,58.9,112.6,3.86,0.0,0.0,0.0,0.0,0.0,0.0,0.0,0.0,0.0,0.0,0.0,24802000000.0,40.0,0.0,0.0,99.0,96.0,7.5,0.0,0.7,0.0,9.1,12.5,28.3,0.0,0.0,0.0,0.0,0.0,0.0,0.0,0.7,131.0,0.0,31.0,24.0
197,Sierra Leone,1742.0,2247.0,0.35,0.0,2312.0,2318.0,50.7,13.9,54.0,3.37,300000.0,100000.0,300000.0,0.0,2400000.0,6500000.0,0.0,10100000.0,21400000.0,2300000.0,6400000.0,1595300000.0,69.0,14.0,10.0,21.0,63.0,27.4,0.0,0.4,0.0,4.7,10.3,6.8,28.2,95.2,93.5,94.5,262.3,258.2,260.2,-0.3,103.0,33.7,72.0,52.0
198,Slovénie,1923.0,2495.0,0.2,5.9,3128.0,3124.0,112.5,58.9,103.6,2.24,300000.0,0.0,0.0,0.0,0.0,100000.0,0.0,0.0,500000.0,0.0,0.0,43082300000.0,38.0,84.0,98.0,98.0,99.0,0.0,0.0,0.3,0.0,0.0,6.3,18.5,0.0,2.5,0.0,1.6,27.9,16.6,22.2,0.7,125.0,32.1,6.0,16.0
199,Slovaquie,1952.0,2534.0,0.21,7.4,3011.0,3003.0,147.6,45.1,78.5,1.71,1100000.0,0.0,0.0,0.0,0.0,600000.0,0.0,100000.0,1200000.0,200000.0,500000.0,35991200000.0,30.0,82.0,99.0,98.0,99.0,0.0,0.0,1.3,0.0,0.0,7.8,25.5,2.8,5.4,4.6,4.9,25.8,20.4,23.1,0.63,118.0,-53.3,5.0,83.0
2,Afghanistan,1659.0,2134.0,0.37,0.0,2266.0,2245.0,41.9,10.6,61.9,2.67,3300000.0,300000.0,2200000.0,0.0,9000000.0,25800000.0,0.0,32100000.0,81900000.0,10800000.0,20300000.0,2776600000.0,70.0,0.0,28.0,53.0,77.0,35.1,0.0,4.9,0.0,4.0,0.0,17.2,27.7,83.4,52.4,67.7,234.7,186.0,210.3,-2.7,105.0,37.7,148.0,33.0
20,Botswana,1820.0,2352.0,0.37,0.2,2584.0,2588.0,69.2,27.2,69.7,2.99,300000.0,0.0,100000.0,0.0,700000.0,1600000.0,0.0,2500000.0,4200000.0,600000.0,1300000.0,15130300000.0,49.0,0.0,0.0,80.0,92.0,22.5,0.0,0.0,0.0,10.0,16.8,17.5,22.9,85.5,67.2,76.2,179.3,154.3,166.8,1.01,110.0,77.4,14.0,33.0
200,Singapour,1915.0,2486.0,0.11,0.0,0.0,0.0,0.0,0.0,0.0,3.02,600000.0,0.0,0.0,0.0,0.0,300000.0,0.0,0.0,800000.0,0.0,200000.0,113400000000.0,0.0,99.0,99.0,99.0,99.0,3.0,0.0,0.0,0.0,3.6,11.0,12.4,0.0,2.2,1.7,2.1,15.2,12.7,13.9,1.44,0.0,0.0,3.0,0.0
201,Somalie,1697.0,2180.0,0.34,0.0,1832.0,1821.0,45.5,18.5,42.5,2.81,1000000.0,100000.0,600000.0,0.0,5500000.0,10200000.0,0.0,26100000.0,38400000.0,8400000.0,9900000.0,1460400000.0,42.0,32.0,0.0,39.0,56.0,19.4,0.0,0.3,0.0,2.7,0.0,13.4,51.1,125.1,125.1,125.1,232.5,232.5,232.2,-2.58,83.0,88.7,363.0,17.0
202,Afrique du Sud,1832.0,2367.0,0.26,1.7,2817.0,2805.0,95.1,40.6,81.4,2.61,11900000.0,700000.0,1300000.0,0.0,5900000.0,13600000.0,200000.0,18300000.0,33500000.0,4099999.9999999995,10300000.0,13671800000.0,47.0,70.0,0.0,76.0,94.0,22.6,0.0,1.4,0.0,12.5,16.6,30.3,6.9,26.8,20.9,23.9,62.2,51.8,57.0,-0.25,118.0,10.1,5.0,33.0
203,Espagne,1932.0,2506.0,0.21,3.1,3377.0,3380.0,156.8,77.2,115.5,2.06,6300000.0,0.0,0.0,0.0,1300000.0,6100000.0,0.0,3900000.0,12300000.0,0.0,4500000.0,41039000000.0,26.0,90.0,99.0,99.0,99.0,0.0,0.0,7.8,0.0,0.0,9.6,16.2,0.0,6.0,5.7,5.9,29.0,22.8,25.9,0.41,135.0,36.4,8.0,34.0
207,Suriname,1852.0,2399.0,0.24,0.0,2674.0,2667.0,74.3,39.0,76.3,2.55,100000.0,0.0,0.0,0.0,0.0,0.0,0.0,0.0,600000.0,0.0,0.0,19092200000.0,42.0,25.0,56.0,90.0,98.0,7.9,0.0,0.4,0.0,3.8,16.5,27.7,9.3,24.6,18.5,21.6,121.2,93.9,107.5,0.42,111.0,-17.5,8.0,29.0
208,Tadjikistan,1772.0,2285.0,0.3,0.5,2760.0,2765.0,83.3,28.6,83.8,2.55,1200000.0,0.0,200000.0,0.0,800000.0,3000000.0,0.0,2800000.0,8700000.0,900000.0,2600000.0,3805200000.0,51.0,0.0,55.0,97.0,82.0,14.6,0.0,5.9,0.0,3.1,8.7,22.4,9.4,25.8,19.8,22.8,96.6,84.5,90.5,-0.5,121.0,49.2,50.0,50.0
209,Eswatini,1796.0,2322.0,0.23,0.0,2536.0,2525.0,58.1,19.4,60.6,2.87,200000.0,0.0,0.0,0.0,0.0,600000.0,0.0,500000.0,2100000.0,100000.0,600000.0,9308400000.0,56.0,0.0,0.0,64.0,71.0,22.4,0.0,2.9,0.0,8.1,10.2,28.5,11.3,39.7,44.7,42.1,180.4,176.2,178.3,-0.04,109.0,65.9,16.0,25.0
21,Brésil,1892.0,2450.0,0.27,0.0,3252.0,3278.0,134.8,64.2,101.2,2.77,41700000.0,1400000.0,1000000.0,0.0,19500000.0,59800000.0,200000.0,52700000.0,124000000.0,7200000.0,38900000.0,16709400000.000002,31.0,49.0,86.0,90.0,99.0,7.2,0.0,1.0,0.0,9.7,8.7,26.2,3.4,22.6,15.3,18.9,69.1,47.4,58.2,-0.45,134.0,-24.6,4.0,19.0
210,Suède,1949.0,2535.0,0.21,1.8,3265.0,3258.0,135.3,72.8,112.4,1.9,1200000.0,0.0,0.0,0.0,0.0,700000.0,0.0,300000.0,1600000.0,0.0,700000.0,60064600000.0,29.0,96.0,99.0,99.0,99.0,0.0,0.0,0.4,0.0,0.0,4.1,15.1,0.0,3.9,3.9,3.9,16.7,15.1,15.9,1.0,129.0,-17.2,7.0,26.0
211,Suisse,1968.0,2559.0,0.2,8.9,3452.0,3421.0,159.3,65.8,102.2,1.82,800000.0,0.0,0.0,0.0,0.0,0.0,0.0,0.0,500000.0,0.0,100000.0,78023300000.0,25.0,99.0,97.0,99.0,99.0,0.0,0.0,1.3,0.0,0.0,6.4,12.0,0.0,0.5,1.6,0.7,5.5,7.5,6.6,1.18,134.0,61.9,3.0,26.0
212,République arabe syrienne,1812.0,2348.0,0.4,0.0,2456.0,2466.0,73.4,20.7,75.3,3.21,4000000.0,200000.0,500000.0,0.0,0.0,0.0,0.0,0.0,0.0,6100000.0,0.0,2953600000.0,52.0,0.0,0.0,94.0,94.0,26.7,0.0,7.1,0.0,11.7,0.0,33.1,29.6,0.0,0.0,0.0,0.0,0.0,0.0,-2.71,105.0,34.2,48.0,34.0
213,Turkménistan,1787.0,2302.0,0.24,0.0,2867.0,2855.0,81.1,45.4,99.4,2.52,800000.0,0.0,100000.0,0.0,0.0,0.0,0.0,0.0,0.0,200000.0,0.0,0.0,52.0,0.0,95.0,99.0,99.0,7.4,0.0,4.2,0.0,3.5,4.3,20.6,3.8,0.0,0.0,0.0,0.0,0.0,0.0,-0.2,124.0,12.7,5.0,18.0
214,"Chine, Taiwan Province de",1906.0,2472.0,0.22,0.0,2952.0,2959.0,129.8,55.7,97.7,2.45,0.0,0.0,0.0,0.0,0.0,0.0,0.0,0.0,0.0,900000.0,0.0,0.0,30.0,0.0,0.0,0.0,0.0,0.0,0.0,10.7,0.0,0.0,0.0,0.0,3.8,0.0,0.0,0.0,0.0,0.0,0.0,0.0,120.0,76.9,3.0,11.0
215,République-Unie de Tanzanie,1673.0,2150.0,0.36,0.0,2374.0,2375.0,58.3,12.6,56.8,3.43,3500000.0,500000.0,3300000.0,0.0,13800000.0,30300000.0,200000.0,60900000.0,106700000.0,14500000.0,29500000.0,3408900000.0,57.0,25.0,11.0,30.0,58.0,32.1,0.0,0.4,0.0,4.6,9.7,11.4,23.5,77.4,77.7,77.4,170.1,175.7,172.8,-0.48,110.0,0.5,11.0,22.0
216,Thaïlande,1890.0,2448.0,0.23,0.0,2857.0,2843.0,62.6,27.9,67.9,2.47,8100000.0,300000.0,400000.0,0.0,1100000.0,6500000.0,100000.0,3100000.0,13600000.0,4300000.0,4900000.0,19990600000.0,49.0,26.0,0.0,99.0,99.0,12.1,0.0,12.6,0.0,8.9,10.3,14.1,6.1,3.6,2.7,3.3,21.2,17.1,19.1,-0.58,116.0,-12.9,4.0,15.0
217,Togo,1746.0,2251.0,0.3,0.0,2497.0,2496.0,60.1,8.7,54.6,2.64,500000.0,0.0,300000.0,0.0,900000.0,4000000.0,0.0,4500000.0,13800000.0,1300000.0,4300000.0,2587900000.0,68.0,6.0,19.0,19.0,69.0,23.5,0.0,0.1,0.0,2.0,14.3,10.5,16.0,36.4,44.5,40.5,159.0,169.0,164.1,-0.89,111.0,24.4,31.0,27.0
218,Tokélaou,0.0,0.0,0.0,0.0,0.0,0.0,0.0,0.0,0.0,3.02,0.0,0.0,0.0,0.0,0.0,0.0,0.0,0.0,0.0,0.0,0.0,0.0,0.0,0.0,0.0,97.0,99.0,0.0,0.0,0.0,0.0,0.0,0.0,69.0,0.0,0.0,0.0,0.0,0.0,0.0,0.0,0.0,0.0,0.0,0.0,0.0
219,Tonga,1896.0,2452.0,0.0,0.0,0.0,0.0,120.2,84.8,131.7,3.02,0.0,0.0,0.0,0.0,0.0,0.0,0.0,0.0,0.0,0.0,0.0,7014800000.0,34.0,32.0,30.0,95.0,99.0,2.3,0.0,0.0,0.0,11.8,0.0,69.9,0.0,14.5,14.5,14.5,60.9,60.9,61.2,1.09,0.0,0.0,336.0,0.0
220,Trinité-et-Tobago,1886.0,2441.0,0.34,0.0,2953.0,2948.0,96.0,44.1,88.3,2.44,300000.0,0.0,0.0,0.0,0.0,900000.0,0.0,500000.0,2000000.0,200000.0,800000.0,28059600000.0,41.0,0.0,0.0,94.0,99.0,8.8,0.0,1.4,0.0,13.7,16.3,27.3,11.2,31.1,30.0,30.6,134.3,125.6,129.9,0.11,121.0,98.6,12.0,16.0
221,Oman,1885.0,2446.0,0.26,0.0,3086.0,3067.0,95.3,51.8,92.5,5.14,1000000.0,0.0,100000.0,0.0,0.0,0.0,0.0,0.0,0.0,300000.0,0.0,37572700000.0,31.0,0.0,91.0,99.0,92.0,12.6,0.0,0.4,0.0,5.6,13.2,29.8,5.7,0.0,0.0,0.0,0.0,0.0,0.0,0.42,125.0,87.7,10.0,34.0
222,Tunisie,1818.0,2346.0,0.31,1.1,3470.0,3459.0,100.1,32.1,102.9,3.43,2200000.0,200000.0,100000.0,0.0,1800000.0,4000000.0,0.0,6400000.0,10200000.0,400000.0,3700000.0,11711600000.0,46.0,81.0,74.0,97.0,97.0,8.8,0.0,3.2,0.0,18.2,8.2,25.9,3.2,37.4,38.0,37.7,85.2,83.1,84.1,-0.59,148.0,67.9,14.0,22.0
223,Türkiye,1863.0,2410.0,0.23,1.3,3217.0,3208.0,136.8,44.6,113.6,3.56,19700000.0,600000.0,400000.0,0.0,0.0,0.0,200000.0,0.0,0.0,0.0,0.0,28649600000.0,41.0,75.0,0.0,99.0,97.0,6.0,0.0,6.8,0.0,8.2,12.9,32.6,0.0,0.0,0.0,0.0,0.0,0.0,0.0,-1.14,133.0,39.9,7.0,22.0
225,Émirats arabes unis,2041.0,2666.0,0.23,0.3,3300.0,3304.0,137.2,53.9,108.6,3.3,2500000.0,0.0,0.0,0.0,0.0,500000.0,0.0,100000.0,2100000.0,300000.0,1800000.0,66590399999.99999,36.0,98.0,0.0,99.0,99.0,0.0,0.0,1.3,0.0,0.0,13.9,32.0,3.1,2.4,3.7,2.1,24.3,33.0,22.6,0.59,124.0,96.6,4.0,22.0
226,Ouganda,1706.0,2198.0,0.36,0.0,2162.0,2156.0,52.0,12.6,50.1,5.44,1400000.0,300000.0,1900000.0,300000.0,8100000.0,26100000.0,0.0,39500000.0,96600000.0,16500000.0,26400000.0,2681200000.0,42.0,18.0,17.0,21.0,56.0,24.7,3.6,0.1,0.0,3.5,0.0,6.9,37.1,66.6,72.9,69.7,211.5,223.8,217.6,-0.81,98.0,12.3,23.0,62.0
227,Tuvalu,0.0,0.0,0.0,0.0,0.0,0.0,107.0,53.8,93.5,3.02,0.0,0.0,0.0,0.0,0.0,0.0,0.0,0.0,0.0,0.0,0.0,5051600000.0,34.0,38.0,9.0,84.0,99.0,5.6,0.0,0.0,0.0,4.4,0.0,63.1,0.0,0.0,0.0,0.0,0.0,0.0,0.0,1.22,0.0,0.0,5702.0,0.0
229,Royaume-Uni de Grande-Bretagne et d'Irlande du Nord,1920.0,2492.0,0.2,6.7,3374.0,3372.0,138.9,64.7,109.8,2.13,14000000.0,400000.0,0.0,0.0,1000000.0,3000000.0,0.0,3200000.0,6900000.0,0.0,2700000.0,48583800000.0,33.0,98.0,99.0,99.0,99.0,0.0,0.0,0.9,0.0,11.2,6.8,26.4,0.0,3.5,3.3,3.4,10.5,10.2,10.4,0.48,135.0,25.1,12.0,17.0
23,Belize,1776.0,2297.0,0.25,0.0,2864.0,2859.0,102.8,34.5,80.0,2.41,100000.0,0.0,0.0,0.0,0.0,0.0,0.0,0.0,600000.0,0.0,0.0,9934900000.0,37.0,0.0,0.0,88.0,98.0,12.8,0.0,0.2,0.0,6.3,11.6,40.8,4.4,18.0,18.0,18.0,126.9,126.9,126.9,0.52,125.0,19.2,38.0,42.0
230,Ukraine,1924.0,2489.0,0.22,3.6,2925.0,2935.0,87.2,47.6,92.6,2.39,8400000.0,300000.0,300000.0,0.0,1800000.0,15300000.0,0.0,6000000.0,30000000.0,1900000.0,10400000.0,17285900000.0,42.0,72.0,88.0,98.0,94.0,14.8,0.0,3.7,0.0,13.4,5.7,23.2,4.3,8.8,10.1,9.5,75.0,61.5,68.2,-1.16,118.0,-282.5,8.0,8.0
231,États-Unis d'Amérique,1965.0,2557.0,0.17,1.5,3892.0,3887.0,176.2,84.4,123.7,1.96,106800000.0,1600000.0,700000.0,0.0,3300000.0,37200000.0,300000.0,10000000.0,80100000.0,0.0,28300000.0,66382800000.0,23.0,97.0,97.0,99.0,99.0,3.4,0.0,2.9,0.0,8.1,8.3,41.0,0.0,2.4,2.0,2.2,26.7,21.0,23.9,-0.03,152.0,-22.2,9.0,24.0
233,Burkina Faso,1728.0,2226.0,0.34,0.2,2678.0,2654.0,62.6,19.9,91.9,2.96,600000.0,100000.0,800000.0,300000.0,1100000.0,7100000.0,100000.0,5700000.0,25900000.0,3200000.0,7200000.0,2369600000.0,58.0,9.0,0.0,23.0,48.0,23.1,8.8,0.2,58.0,2.0,18.5,6.0,15.1,18.9,21.9,20.4,115.9,124.8,120.4,-1.54,119.0,15.6,10.0,20.0
234,Uruguay,1876.0,2431.0,0.17,0.9,3261.0,3274.0,119.9,59.4,99.8,2.86,800000.0,0.0,0.0,0.0,0.0,700000.0,0.0,0.0,1400000.0,0.0,500000.0,27998700000.0,36.0,0.0,0.0,98.0,99.0,6.4,0.0,1.5,0.0,10.8,7.8,31.5,0.0,8.7,6.0,7.5,50.0,34.8,42.3,1.05,135.0,-73.1,14.0,30.0
235,Ouzbékistan,1829.0,2364.0,0.25,1.1,3246.0,3250.0,98.9,46.2,104.8,2.69,6200000.0,200000.0,300000.0,0.0,0.0,0.0,0.0,0.0,0.0,0.0,0.0,7751200000.0,47.0,74.0,78.0,96.0,96.0,7.8,0.0,9.8,0.0,4.2,5.8,28.2,0.0,0.0,0.0,0.0,0.0,0.0,0.0,-0.44,137.0,28.7,16.0,63.0
236,Venezuela (République bolivarienne du),1814.0,2343.0,0.24,0.0,2299.0,2279.0,79.2,29.1,60.7,2.61,4300000.0,200000.0,300000.0,0.0,0.0,0.0,0.0,0.0,0.0,6300000.0,0.0,0.0,41.0,26.0,0.0,97.0,94.0,10.5,0.0,1.2,0.0,6.9,9.3,22.8,22.2,0.0,0.0,0.0,0.0,0.0,0.0,-1.55,97.0,62.5,31.0,136.0
237,Viet Nam,1787.0,2304.0,0.29,1.0,3010.0,3008.0,61.7,37.6,95.3,3.26,1200000.0,500000.0,1500000.0,300000.0,800000.0,10000000.0,100000.0,2400000.0,22200000.0,5300000.0,7200000.0,12014800000.0,58.0,43.0,57.0,88.0,97.0,20.4,4.7,14.6,45.4,7.3,6.3,1.7,5.5,2.1,1.1,1.9,26.0,19.8,22.8,-0.04,131.0,14.0,5.0,6.0
238,Éthiopie,1733.0,2236.0,0.37,0.0,2457.0,2444.0,40.0,7.3,77.6,2.42,1500000.0,500000.0,6200000.0,0.0,21100000.0,57900000.0,0.0,89200000.0,197700000.0,26900000.0,60300000.0,2553600000.0,74.0,7.0,12.0,9.0,49.0,35.8,0.0,0.8,0.0,2.6,0.0,2.5,23.0,60.2,57.9,58.9,164.4,173.0,168.7,-1.75,109.0,10.1,81.0,52.0
244,Samoa,1812.0,2335.0,0.27,0.0,3049.0,3057.0,110.6,64.3,104.7,3.13,100000.0,0.0,0.0,0.0,0.0,0.0,0.0,0.0,0.0,0.0,0.0,6689700000.0,38.0,44.0,62.0,97.0,97.0,7.0,0.0,0.0,0.0,7.5,0.0,61.1,4.4,10.2,10.2,10.2,70.8,70.8,70.8,1.15,131.0,0.0,218.0,26.0
249,Yémen,1701.0,2192.0,0.38,0.0,2131.0,2108.0,41.8,13.2,58.3,2.21,2200000.0,100000.0,1700000.0,0.0,0.0,18100000.0,0.0,0.0,56600000.0,11800000.0,15900000.0,0.0,61.0,19.0,0.0,54.0,61.0,36.7,0.0,1.3,0.0,1.6,0.0,12.7,36.7,0.0,0.0,0.0,187.2,163.8,175.5,-2.65,96.0,88.5,240.0,47.0
25,Îles Salomon,1702.0,2190.0,0.3,0.0,2352.0,2366.0,52.7,20.1,59.7,3.65,100000.0,0.0,0.0,0.0,0.0,0.0,0.0,0.0,0.0,100000.0,0.0,2724600000.0,64.0,0.0,0.0,35.0,67.0,30.1,0.0,0.0,0.0,5.1,13.2,21.8,19.4,0.0,0.0,0.0,0.0,0.0,0.0,0.56,108.0,0.0,24.0,16.0
250,République démocratique du Congo,1653.0,2123.0,0.37,0.2,2095.0,2124.0,24.0,3.7,29.6,4.72,2700000.0,600000.0,7100000.0,0.0,28800000.0,54400000.0,400000.0,138900000.0,201400000.0,32600000.0,53400000.0,1320800000.0,81.0,13.0,11.0,16.0,36.0,41.1,0.0,0.0,0.0,3.7,10.2,6.1,35.0,113.6,121.5,117.6,215.4,218.1,216.9,-1.79,100.0,22.4,4.0,20.0
251,Zambie,1708.0,2198.0,0.38,0.0,2222.0,2221.0,46.4,13.3,46.8,3.1,900000.0,200000.0,1000000.0,0.0,0.0,0.0,100000.0,0.0,0.0,6200000.0,0.0,3415200000.0,72.0,0.0,0.0,36.0,68.0,32.3,0.0,0.2,0.0,5.4,11.2,10.0,32.9,0.0,0.0,0.0,0.0,0.0,0.0,-0.13,101.0,-1.3,5.0,28.0
255,Belgique,1955.0,2542.0,0.2,11.8,3859.0,3867.0,180.7,70.0,110.1,1.75,1800000.0,0.0,0.0,0.0,0.0,600000.0,0.0,300000.0,1700000.0,0.0,800000.0,58364700000.0,24.0,94.0,99.0,99.0,99.0,2.5,0.0,0.8,0.0,3.9,6.8,19.5,0.0,3.7,3.8,3.8,12.5,16.2,14.4,0.52,152.0,66.7,7.0,25.0
256,Luxembourg,1988.0,2585.0,0.2,10.5,3477.0,3487.0,135.6,73.1,116.0,2.02,100000.0,0.0,0.0,0.0,0.0,0.0,0.0,0.0,0.0,0.0,0.0,130690000000.0,29.0,95.0,99.0,98.0,99.0,0.0,0.0,0.0,0.0,0.0,7.7,18.3,0.0,1.6,2.2,1.9,8.4,8.6,8.4,1.21,135.0,31.4,15.0,60.0
26,Brunéi Darussalam,1872.0,2423.0,0.21,0.0,0.0,0.0,0.0,0.0,0.0,1.59,100000.0,0.0,0.0,0.0,0.0,0.0,0.0,0.0,0.0,0.0,0.0,81313000000.0,0.0,0.0,0.0,97.0,99.0,11.8,0.0,0.2,0.0,9.1,13.6,30.0,0.0,0.0,0.0,0.0,0.0,0.0,0.0,1.19,0.0,0.0,6.0,0.0
27,Bulgarie,1921.0,2490.0,0.21,3.6,2899.0,2907.0,124.5,50.3,88.2,1.75,1200000.0,0.0,0.0,0.0,100000.0,1500000.0,0.0,700000.0,3300000.0,200000.0,1200000.0,27092200000.0,33.0,71.0,96.0,86.0,99.0,5.9,0.0,1.3,0.0,3.9,11.4,20.0,2.9,9.2,8.2,8.7,51.2,41.7,46.4,0.4,116.0,-258.1,10.0,28.0
272,Serbie,1921.0,2490.0,0.22,3.9,3519.0,3520.0,102.2,57.4,122.3,2.42,1300000.0,0.0,0.0,0.0,300000.0,1500000.0,0.0,1200000.0,3800000.0,0.0,1300000.0,20759500000.0,49.0,26.0,75.0,98.0,95.0,4.9,0.0,0.7,0.0,9.9,6.2,21.5,0.0,12.1,10.4,11.3,42.8,41.7,42.2,-0.17,141.0,-59.4,9.0,34.0
273,Monténégro,1902.0,2465.0,0.22,0.0,3482.0,3500.0,132.8,74.5,123.4,2.08,100000.0,0.0,0.0,0.0,0.0,0.0,0.0,0.0,100000.0,0.0,0.0,21609900000.0,33.0,53.0,85.0,98.0,99.0,8.3,0.0,0.2,0.0,8.8,6.2,17.3,0.0,8.5,12.0,10.2,39.9,44.4,42.1,-0.06,142.0,94.6,119.0,14.0
276,Soudan,1721.0,2214.0,0.29,0.1,2620.0,2606.0,69.3,20.5,74.1,3.06,3700000.0,200000.0,2500000.0,0.0,0.0,0.0,0.0,0.0,0.0,4900000.0,0.0,3581000000.0,50.0,0.0,0.0,37.0,63.0,36.4,0.0,1.0,0.0,2.5,0.0,15.7,11.1,0.0,0.0,0.0,0.0,0.0,0.0,-1.66,117.0,31.9,56.0,40.0
277,Soudan du Sud,1704.0,2186.0,0.29,0.0,2376.0,2377.0,86.4,30.4,74.4,4.35,400000.0,100000.0,400000.0,0.0,5600000.0,7700000.0,0.0,25000000.0,27500000.0,2100000.0,7300000.0,0.0,47.0,0.0,0.0,16.0,41.0,28.7,0.0,0.0,0.0,4.9,0.0,7.8,19.6,186.8,186.9,186.8,259.3,259.3,259.3,-2.19,109.0,23.6,46.0,0.0
28,Myanmar,1800.0,2326.0,0.21,0.0,2825.0,2805.0,65.4,30.6,85.7,2.89,2600000.0,0.0,1200000.0,0.0,2600000.0,16000000.0,100000.0,7700000.0,40800000.0,2200000.0,14700000.0,5881700000.0,58.0,61.0,57.0,74.0,81.0,25.6,0.0,3.5,0.0,0.9,12.5,6.9,4.0,13.0,9.2,11.0,79.0,74.0,76.5,-1.51,120.0,-11.3,9.0,23.0
29,Burundi,1655.0,2124.0,0.28,0.0,0.0,0.0,16.0,3.2,40.5,4.81,300000.0,100000.0,1200000.0,100000.0,0.0,0.0,100000.0,0.0,0.0,0.0,0.0,861000000.0,65.0,0.0,0.0,46.0,62.0,56.3,5.7,0.9,0.0,3.2,14.8,4.5,0.0,0.0,0.0,0.0,0.0,0.0,0.0,-1.54,0.0,23.4,76.0,0.0
299,Palestine,1724.0,2222.0,0.0,0.0,0.0,0.0,56.2,17.0,54.0,2.6,1000000.0,100000.0,100000.0,0.0,0.0,1400000.0,0.0,500000.0,4300000.0,0.0,1100000.0,5423700000.0,49.0,67.0,80.0,99.0,98.0,7.6,1.3,21.0,38.9,8.1,10.4,37.0,0.0,12.7,9.6,11.2,91.5,78.6,85.1,-2.02,0.0,95.2,35.0,0.0
3,Albanie,1915.0,2488.0,0.29,0.0,3349.0,3351.0,111.6,61.7,116.5,2.85,500000.0,0.0,0.0,0.0,200000.0,1200000.0,0.0,700000.0,2700000.0,100000.0,1000000.0,14794600000.0,34.0,53.0,71.0,99.0,95.0,9.5,0.0,13.1,0.0,13.9,6.0,22.0,4.4,26.0,20.1,23.0,103.0,82.5,92.8,0.09,135.0,46.9,20.0,14.0
32,Cameroun,1744.0,2248.0,0.26,0.2,2813.0,2828.0,61.0,13.1,72.2,3.93,1900000.0,400000.0,1200000.0,0.0,5900000.0,12900000.0,100000.0,27500000.0,44400000.0,1600000.0,12700000.0,4711100000.0,58.0,0.0,0.0,43.0,68.0,27.9,0.0,0.1,0.0,9.5,12.5,14.1,5.9,76.8,83.4,80.1,166.9,168.0,167.4,-1.51,126.0,34.8,27.0,30.0
33,Canada,1927.0,2505.0,0.2,0.5,3624.0,3598.0,158.5,68.0,114.9,2.03,7900000.0,200000.0,0.0,0.0,600000.0,3500000.0,0.0,1700000.0,7400000.0,0.0,2700000.0,53146100000.0,28.0,84.0,99.0,99.0,99.0,0.0,0.0,0.1,0.0,11.4,6.6,25.9,0.0,3.2,3.1,3.1,21.9,17.1,19.5,1.01,144.0,-173.8,7.0,27.0
35,Cabo Verde,1872.0,2426.0,0.25,0.0,2653.0,2630.0,70.0,29.3,77.9,3.05,100000.0,0.0,0.0,0.0,0.0,0.0,0.0,0.0,600000.0,0.0,0.0,6282900000.0,53.0,0.0,0.0,81.0,89.0,9.9,0.0,0.9,0.0,0.0,0.0,14.7,13.2,19.3,19.3,19.3,106.2,106.3,106.2,0.87,108.0,97.3,388.0,25.0
351,Chine,1885.0,2440.0,0.0,1.1,3314.0,3335.0,92.3,48.9,122.9,0.0,82600000.0,6700000.0,4099999.9999999995,0.0,0.0,0.0,600000.0,0.0,0.0,0.0,0.0,19075900000.0,51.0,0.0,0.0,0.0,0.0,5.1,0.0,0.0,0.0,8.3,5.0,7.3,0.0,0.0,0.0,0.0,0.0,0.0,0.0,0.0,137.0,6.9,5.0,24.0
37,République centrafricaine,1661.0,2139.0,0.3,0.0,2267.0,2264.0,91.1,21.9,64.1,4.18,200000.0,0.0,400000.0,0.0,2600000.0,3400000.0,0.0,12400000.0,13000000.0,1200000.0,3400000.0,1069300000.0,43.0,14.0,6.0,14.0,37.0,40.3,0.0,0.0,0.0,2.6,16.4,8.4,21.8,185.4,185.4,185.4,243.9,243.9,243.9,-2.24,106.0,0.0,63.0,18.0
38,Sri Lanka,1790.0,2312.0,0.23,0.0,2838.0,2820.0,47.6,19.6,73.6,2.9,1500000.0,0.0,300000.0,0.0,0.0,2400000.0,100000.0,700000.0,6500000.0,800000.0,2600000.0,13970300000.0,60.0,0.0,48.0,93.0,89.0,16.2,0.0,10.3,0.0,1.3,18.0,9.4,3.8,3.0,3.6,3.3,26.7,33.0,29.9,-0.09,122.0,18.7,18.0,25.0
39,Tchad,1695.0,2179.0,0.39,0.0,2258.0,2250.0,71.1,27.6,78.4,2.92,500000.0,100000.0,1100000.0,300000.0,4700000.0,10000000.0,0.0,22900000.0,37400000.0,5300000.0,9500000.0,1843200000.0,59.0,11.0,6.0,13.0,51.0,33.6,9.5,0.0,15.0,3.1,0.0,6.1,31.8,108.6,109.9,109.2,230.0,219.1,224.6,-1.26,104.0,4.9,9.0,26.0
4,Algérie,1784.0,2299.0,0.29,0.0,3506.0,3493.0,98.8,26.9,95.1,3.56,6500000.0,600000.0,400000.0,0.0,2400000.0,7700000.0,100000.0,11400000.0,24700000.0,0.0,9500000.0,12677700000.0,50.0,62.0,72.0,86.0,94.0,9.1,0.0,0.6,0.0,11.7,7.2,22.8,0.0,15.9,21.5,18.6,51.7,62.1,56.9,-0.85,152.0,80.6,28.0,45.0
40,Chili,1890.0,2451.0,0.22,0.3,3090.0,3090.0,94.4,57.4,104.9,2.76,5500000.0,100000.0,0.0,0.0,1000000.0,4500000.0,0.0,2900000.0,10000000.0,0.0,3600000.0,26347100000.0,40.0,95.0,99.0,99.0,99.0,1.6,0.0,1.5,0.0,8.9,6.8,37.0,0.0,12.3,10.2,11.3,56.3,47.9,52.1,0.04,126.0,58.5,9.0,14.0
41,"Chine, continentale",1885.0,2440.0,0.19,1.1,3322.0,3344.0,91.5,48.5,123.2,4.0,0.0,0.0,0.0,0.0,0.0,0.0,0.0,0.0,0.0,0.0,0.0,18833800000.0,51.0,0.0,0.0,0.0,0.0,0.0,0.0,7.9,0.0,0.0,0.0,0.0,0.0,0.0,0.0,0.0,0.0,0.0,0.0,0.0,137.0,5.9,5.0,25.0
44,Colombie,1831.0,2369.0,0.27,0.0,3086.0,3075.0,100.7,44.8,80.7,2.88,8400000.0,200000.0,400000.0,0.0,3500000.0,21100000.0,100000.0,10200000.0,46500000.0,2200000.0,15400000.0,16023600000.0,35.0,18.0,73.0,93.0,97.0,11.5,0.0,1.0,0.0,5.8,11.0,22.5,4.4,17.1,13.1,15.1,103.8,79.2,91.5,-0.7,130.0,64.0,15.0,43.0
45,Comores,1742.0,2245.0,0.26,0.0,2482.0,2479.0,59.2,20.6,64.4,3.94,100000.0,0.0,0.0,0.0,0.0,600000.0,0.0,700000.0,1900000.0,100000.0,600000.0,3420200000.0,55.0,0.0,0.0,0.0,0.0,20.6,0.0,0.1,0.0,8.3,23.0,15.0,13.9,85.2,79.2,82.2,240.0,238.4,239.1,-0.29,111.0,0.0,287.0,19.0
46,Congo,1738.0,2236.0,0.26,0.0,2179.0,2173.0,56.6,27.6,53.1,3.98,200000.0,0.0,100000.0,0.0,0.0,0.0,0.0,0.0,0.0,1600000.0,0.0,6406900000.0,59.0,0.0,46.0,20.0,74.0,17.8,0.0,0.0,0.0,4.4,11.9,8.2,27.8,0.0,0.0,0.0,0.0,0.0,0.0,-0.21,97.0,93.3,9.0,18.0
47,Îles Cook,0.0,0.0,0.0,0.0,0.0,0.0,0.0,0.0,0.0,3.02,0.0,0.0,0.0,0.0,0.0,0.0,0.0,0.0,0.0,0.0,0.0,0.0,0.0,0.0,0.0,85.0,99.0,0.0,0.0,0.0,0.0,0.0,10.3,67.7,0.0,0.0,0.0,0.0,0.0,0.0,0.0,0.0,0.0,0.0,176.0,0.0
48,Costa Rica,1888.0,2448.0,0.19,0.0,3025.0,3011.0,109.8,52.1,87.1,2.67,1100000.0,0.0,0.0,0.0,0.0,1200000.0,0.0,400000.0,2500000.0,0.0,900000.0,22090000000.0,32.0,25.0,80.0,98.0,99.0,8.9,0.0,3.1,0.0,7.6,8.7,30.0,0.0,9.6,7.4,8.4,55.3,40.1,47.7,0.75,123.0,89.4,14.0,41.0
49,Cuba,1890.0,2449.0,0.23,0.0,3379.0,3407.0,79.0,42.1,93.3,2.89,1900000.0,100000.0,0.0,0.0,0.0,0.0,0.0,0.0,0.0,0.0,0.0,0.0,44.0,41.0,0.0,91.0,94.0,7.0,0.0,6.2,0.0,10.1,7.1,20.6,0.0,0.0,0.0,0.0,0.0,0.0,0.0,0.6,139.0,86.5,95.0,50.0
5,Samoa américaines,0.0,0.0,0.0,0.0,0.0,0.0,0.0,0.0,0.0,3.02,0.0,0.0,0.0,0.0,0.0,0.0,0.0,0.0,0.0,0.0,0.0,0.0,0.0,37.0,90.0,54.0,99.0,0.0,0.0,0.0,0.0,0.0,0.0,74.7,0.0,0.0,0.0,0.0,0.0,0.0,0.0,1.09,0.0,0.0,0.0,0.0
50,Chypre,1951.0,2533.0,0.18,0.0,3035.0,3040.0,114.4,57.4,104.0,2.0,200000.0,0.0,0.0,0.0,0.0,0.0,0.0,0.0,0.0,0.0,0.0,44511500000.0,38.0,77.0,99.0,99.0,99.0,0.0,0.0,4.1,0.0,0.0,0.0,22.6,0.0,0.0,0.0,0.0,0.0,0.0,0.0,0.29,120.0,97.3,30.0,31.0
52,Azerbaïdjan,1868.0,2415.0,0.21,2.6,3344.0,3332.0,92.1,36.6,98.0,2.34,1900000.0,100000.0,100000.0,0.0,0.0,1200000.0,0.0,0.0,3000000.0,0.0,1100000.0,19126100000.0,51.0,0.0,71.0,0.0,96.0,13.9,0.0,17.8,0.0,10.2,11.0,25.5,0.0,0.0,0.0,0.0,28.7,28.1,28.5,-0.85,138.0,32.7,10.0,56.0
53,Bénin,1717.0,2210.0,0.32,0.0,2726.0,2730.0,58.5,13.6,69.3,3.16,700000.0,0.0,700000.0,0.0,1600000.0,6800000.0,100000.0,7100000.0,23500000.0,1400000.0,6600000.0,3429900000.0,64.0,3.0,0.0,19.0,67.0,31.4,0.0,0.5,0.0,2.0,16.4,10.4,10.8,44.6,42.5,43.5,187.2,184.4,185.8,-0.44,123.0,43.4,30.0,18.0
54,Danemark,1958.0,2549.0,0.2,0.0,3596.0,3587.0,153.9,76.6,113.8,1.8,600000.0,0.0,0.0,0.0,0.0,500000.0,0.0,100000.0,900000.0,0.0,300000.0,65686500000.0,25.0,99.0,99.0,99.0,99.0,0.0,0.0,8.0,0.0,0.0,4.8,13.1,0.0,4.8,3.4,4.2,18.3,14.7,16.5,0.92,141.0,-9.8,8.0,57.0
55,Dominique,2057.0,2724.0,0.28,0.0,2954.0,2973.0,90.9,55.7,98.6,4.13,0.0,0.0,0.0,0.0,0.0,0.0,0.0,0.0,0.0,0.0,0.0,13617800000.0,27.0,0.0,0.0,0.0,0.0,0.0,0.0,0.3,0.0,0.0,0.0,29.9,13.4,17.5,17.5,17.5,103.3,103.3,103.3,1.32,109.0,100.0,270.0,44.0
56,République dominicaine,1851.0,2395.0,0.29,0.0,3100.0,3100.0,106.3,40.9,78.9,5.76,2100000.0,100000.0,100000.0,0.0,2700000.0,6800000.0,0.0,9800000.0,17500000.0,700000.0,5900000.0,19736800000.0,27.0,44.0,45.0,88.0,96.0,6.2,0.0,6.4,0.0,7.5,13.4,27.8,6.2,68.9,64.1,66.5,170.1,148.7,159.3,0.16,129.0,64.0,25.0,15.0
57,Bélarus,1897.0,2454.0,0.2,2.6,3334.0,3315.0,129.6,68.1,111.4,2.38,1600000.0,0.0,0.0,0.0,0.0,0.0,0.0,0.0,0.0,0.0,0.0,26731500000.0,34.0,75.0,93.0,99.0,99.0,3.6,0.0,0.2,0.0,5.3,5.1,21.3,0.0,0.0,0.0,0.0,0.0,0.0,0.0,-0.89,135.0,6.4,9.0,20.0
58,Équateur,1794.0,2318.0,0.27,0.0,2540.0,2537.0,98.2,37.3,68.5,2.47,3100000.0,200000.0,300000.0,0.0,2700000.0,7700000.0,0.0,8700000.0,19500000.0,2400000.0,6600000.0,12904600000.0,42.0,42.0,67.0,91.0,95.0,23.1,0.0,6.9,0.0,11.0,10.6,25.8,13.6,42.4,34.2,38.3,117.6,103.4,110.4,-0.27,109.0,39.7,7.0,47.0
59,Égypte,1814.0,2340.0,0.32,0.0,3152.0,3135.0,58.6,28.6,92.7,3.3,28400000.0,2200000.0,2600000.0,0.0,8199999.999999999,31000000.0,0.0,30000000.0,87900000.0,7400000.0,27600000.0,15572800000.0,64.0,67.0,0.0,98.0,99.0,21.1,0.0,4.0,0.0,17.8,0.0,43.0,6.9,23.1,19.6,21.3,87.0,76.8,81.9,-1.18,134.0,44.0,45.0,19.0
6,Andorre,0.0,0.0,0.0,0.0,0.0,0.0,0.0,0.0,0.0,3.02,0.0,0.0,0.0,0.0,0.0,0.0,0.0,0.0,0.0,0.0,0.0,55260300000.0,0.0,99.0,91.0,99.0,99.0,0.0,0.0,0.3,0.0,0.0,9.4,17.7,0.0,0.0,0.0,0.0,0.0,0.0,0.0,1.59,0.0,0.0,0.0,0.0
60,El Salvador,1785.0,2308.0,0.27,0.0,2773.0,2799.0,68.9,34.3,84.9,2.87,1300000.0,0.0,100000.0,0.0,1300000.0,3900000.0,0.0,3600000.0,8700000.0,400000.0,2700000.0,9801900000.0,49.0,0.0,0.0,87.0,98.0,10.7,0.0,2.2,0.0,6.7,10.2,29.8,6.6,51.1,37.2,44.1,156.0,123.1,139.5,-0.12,121.0,53.8,36.0,40.0
61,Guinée équatoriale,1775.0,2289.0,0.11,0.0,0.0,0.0,0.0,0.0,0.0,3.02,200000.0,0.0,0.0,0.0,0.0,0.0,0.0,0.0,0.0,0.0,0.0,18320100000.0,0.0,0.0,0.0,0.0,0.0,17.3,0.0,0.1,0.0,8.2,0.0,16.7,0.0,0.0,0.0,0.0,0.0,0.0,0.0,-0.22,0.0,0.0,6.0,0.0
63,Estonie,1955.0,2538.0,0.21,0.0,3247.0,3263.0,142.2,76.8,109.8,1.72,200000.0,0.0,0.0,0.0,0.0,0.0,0.0,0.0,200000.0,0.0,0.0,41749500000.0,22.0,90.0,97.0,99.0,99.0,1.2,0.0,0.1,0.0,5.1,4.2,21.9,0.0,2.1,2.1,2.1,24.9,22.2,23.7,0.71,129.0,-133.0,8.0,52.0
66,Fidji,1835.0,2375.0,0.24,0.0,2861.0,2853.0,85.1,37.3,79.4,2.5,200000.0,0.0,0.0,0.0,0.0,0.0,0.0,0.0,500000.0,0.0,0.0,11188200000.0,43.0,49.0,42.0,94.0,95.0,7.1,0.0,0.2,0.0,7.5,7.4,32.6,6.2,12.6,12.6,12.6,57.8,57.8,57.8,0.66,120.0,82.2,37.0,39.0
67,Finlande,1964.0,2557.0,0.2,1.7,3358.0,3339.0,127.5,78.7,123.2,2.04,900000.0,0.0,0.0,0.0,0.0,700000.0,0.0,300000.0,1500000.0,0.0,500000.0,56368800000.0,32.0,90.0,99.0,99.0,99.0,0.0,0.0,0.2,0.0,0.0,4.1,21.0,0.0,8.0,6.2,7.1,31.4,21.6,26.5,0.98,131.0,-10.4,6.0,27.0
68,France,1923.0,2497.0,0.2,5.1,3578.0,3572.0,151.2,79.8,121.4,1.96,5100000.0,0.0,0.0,0.0,600000.0,4600000.0,100000.0,3000000.0,11400000.0,0.0,4800000.0,50724500000.0,29.0,90.0,99.0,99.0,99.0,0.0,0.0,5.2,0.0,0.0,7.4,10.1,0.0,1.7,3.9,3.0,16.5,19.0,17.7,0.28,143.0,-87.8,9.0,17.0
7,Angola,1668.0,2143.0,0.35,0.0,2398.0,2410.0,52.4,14.7,48.2,3.85,1700000.0,200000.0,2500000.0,0.0,9000000.0,22700000.0,200000.0,38300000.0,78000000.0,6900000.0,20000000.0,7562100000.0,63.0,0.0,0.0,52.0,57.0,42.4,0.0,0.1,0.0,3.7,15.5,10.8,20.5,95.5,87.2,91.3,241.8,224.4,233.1,-0.6,112.0,40.8,8.0,32.0
70,Polynésie française,1882.0,2440.0,0.23,0.0,2863.0,2847.0,116.8,66.5,103.2,2.36,100000.0,0.0,0.0,0.0,0.0,0.0,0.0,0.0,0.0,0.0,0.0,0.0,35.0,0.0,84.0,97.0,99.0,0.0,0.0,0.3,0.0,0.0,0.0,47.0,5.2,0.0,0.0,0.0,0.0,0.0,0.0,0.0,117.0,0.0,326.0,28.0
72,Djibouti,1843.0,2387.0,0.3,0.0,2802.0,2799.0,65.9,14.7,74.1,2.57,100000.0,0.0,0.0,0.0,0.0,600000.0,0.0,500000.0,1600000.0,100000.0,600000.0,5852800000.0,53.0,40.0,0.0,67.0,76.0,20.5,0.0,0.0,0.0,2.5,0.0,10.3,11.9,46.2,52.8,49.5,147.5,147.9,147.6,-0.45,117.0,100.0,41.0,22.0
73,Géorgie,1893.0,2450.0,0.29,2.0,3045.0,3052.0,84.1,39.8,89.7,2.06,900000.0,0.0,0.0,0.0,500000.0,2000000.0,0.0,1300000.0,4400000.0,200000.0,1400000.0,16856200000.0,47.0,25.0,69.0,86.0,95.0,5.3,0.0,1.6,0.0,5.7,7.4,33.2,5.2,31.4,25.8,28.6,125.5,107.4,116.4,-0.43,125.0,63.4,27.0,65.0
74,Gabon,1780.0,2296.0,0.35,0.2,2616.0,2605.0,55.5,44.1,87.2,4.93,300000.0,0.0,0.0,0.0,0.0,0.0,0.0,0.0,0.0,500000.0,0.0,19666600000.0,51.0,0.0,0.0,50.0,86.0,14.2,3.4,0.0,19.4,5.6,14.6,19.7,19.7,0.0,0.0,0.0,0.0,0.0,0.0,-0.07,114.0,90.2,9.0,44.0
75,Gambie,1751.0,2256.0,0.3,0.0,2454.0,2454.0,58.3,19.6,60.7,2.25,200000.0,0.0,100000.0,0.0,600000.0,1200000.0,0.0,2700000.0,4500000.0,400000.0,1200000.0,2652600000.0,52.0,29.0,46.0,47.0,84.0,15.0,5.1,0.5,53.6,1.9,13.2,13.6,17.1,76.2,86.4,81.3,169.6,178.4,174.0,0.25,109.0,87.0,557.0,27.0
79,Allemagne,1951.0,2537.0,0.2,9.3,3642.0,3637.0,166.4,73.6,110.8,1.75,14200000.0,100000.0,100000.0,0.0,1200000.0,3700000.0,100000.0,3800000.0,8800000.0,0.0,3800000.0,60065500000.0,24.0,97.0,99.0,99.0,99.0,2.0,0.0,1.9,0.0,3.1,6.7,20.4,0.0,2.5,3.0,2.8,10.0,10.9,10.4,0.64,143.0,1.6,5.0,22.0
8,Antigua-et-Barbuda,1910.0,2472.0,0.29,0.0,0.0,0.0,94.2,62.5,92.2,3.42,0.0,0.0,0.0,0.0,0.0,0.0,0.0,0.0,0.0,0.0,0.0,23704000000.0,28.0,0.0,0.0,97.0,98.0,0.0,0.0,0.9,0.0,0.0,15.4,31.9,0.0,20.5,22.2,21.4,111.0,87.0,98.9,0.93,0.0,100.0,489.0,0.0
80,Bosnie-Herzégovine,1928.0,2502.0,0.22,0.0,3371.0,3355.0,93.5,39.9,108.7,2.57,600000.0,0.0,0.0,0.0,0.0,600000.0,0.0,100000.0,1200000.0,0.0,500000.0,16869700000.0,41.0,0.0,88.0,0.0,96.0,8.2,0.0,0.1,0.0,10.1,5.2,20.3,0.0,8.0,8.5,8.3,41.7,33.6,37.7,-0.45,134.0,33.4,23.0,19.0
81,Ghana,1778.0,2293.0,0.3,0.0,3042.0,3056.0,44.9,17.8,67.1,4.97,2200000.0,100000.0,600000.0,0.0,1800000.0,11700000.0,100000.0,7100000.0,35300000.0,1900000.0,10500000.0,6354400000.0,67.0,15.0,42.0,26.0,86.0,14.2,0.0,1.0,0.0,2.0,14.4,12.3,6.0,17.1,16.8,16.9,115.0,104.4,109.8,0.17,134.0,38.4,17.0,71.0
83,Kiribati,1749.0,2233.0,0.29,0.0,3083.0,3102.0,126.8,45.7,84.5,2.23,0.0,0.0,0.0,0.0,0.0,0.0,0.0,0.0,0.0,0.0,0.0,2093300000.0000002,32.0,24.0,14.0,44.0,74.0,14.8,0.0,0.0,0.0,1.9,9.0,45.7,3.8,23.8,23.8,23.8,123.0,123.0,123.0,1.16,139.0,0.0,385.0,32.0
84,Grèce,1939.0,2520.0,0.21,1.8,3378.0,3383.0,160.1,64.8,105.7,2.08,2400000.0,100000.0,0.0,0.0,100000.0,1100000.0,0.0,400000.0,2100000.0,0.0,800000.0,30096800000.0,27.0,91.0,99.0,99.0,99.0,2.2,0.0,15.3,0.0,15.2,11.4,27.2,0.0,5.0,4.2,4.6,22.8,17.7,20.3,0.12,134.0,35.7,16.0,35.0
85,Groenland,0.0,0.0,0.0,0.0,0.0,0.0,0.0,0.0,0.0,3.02,0.0,0.0,0.0,0.0,0.0,0.0,0.0,0.0,0.0,0.0,0.0,67560300000.0,0.0,0.0,0.0,62.0,99.0,0.0,0.0,0.0,0.0,0.0,0.0,26.2,0.0,0.0,0.0,0.0,0.0,0.0,0.0,1.91,0.0,0.0,0.0,0.0
86,Grenade,1914.0,2481.0,0.28,0.0,0.0,0.0,97.1,58.5,95.2,3.21,0.0,0.0,0.0,0.0,0.0,0.0,0.0,0.0,0.0,0.0,0.0,13788900000.0,24.0,0.0,0.0,0.0,0.0,0.0,0.0,5.9,0.0,0.0,0.0,28.9,0.0,22.4,22.4,22.5,67.0,67.0,67.0,1.03,0.0,99.7,328.0,0.0
89,Guatemala,1713.0,2209.0,0.35,0.0,2712.0,2698.0,66.3,29.1,70.5,3.12,2600000.0,100000.0,900000.0,0.0,4200000.0,10900000.0,100000.0,13800000.0,29100000.0,2400000.0,8500000.0,11376600000.0,45.0,0.0,56.0,68.0,94.0,44.2,0.0,3.1,0.0,4.7,14.5,25.4,13.6,70.7,53.4,62.1,185.4,149.9,167.5,-0.42,122.0,55.5,25.0,17.0
9,Argentine,1877.0,2433.0,0.28,0.0,3309.0,3308.0,131.7,73.6,117.6,2.8,10800000.0,400000.0,300000.0,0.0,8400000.0,22200000.0,0.0,22500000.0,49900000.0,1500000.0,16000000.0,23785800000.0,33.0,0.0,0.0,0.0,0.0,8.9,0.0,0.9,0.0,12.0,7.4,33.4,3.4,47.5,30.4,39.0,126.8,95.0,110.9,-0.07,136.0,-141.5,5.0,31.0
90,Guinée,1723.0,2220.0,0.34,0.0,2860.0,2860.0,66.9,13.6,57.8,3.63,600000.0,100000.0,600000.0,0.0,0.0,0.0,0.0,0.0,0.0,1400000.0,0.0,3683800000.0,64.0,0.0,0.0,29.0,69.0,29.1,0.0,0.4,0.0,5.3,0.0,8.6,10.4,0.0,0.0,0.0,0.0,0.0,0.0,-0.67,129.0,28.8,13.0,19.0
91,Guyana,1796.0,2319.0,0.25,0.0,3151.0,3151.0,68.8,49.2,104.5,4.33,100000.0,0.0,0.0,0.0,0.0,0.0,0.0,0.0,0.0,0.0,0.0,19482100000.0,39.0,45.0,0.0,90.0,95.0,8.5,0.0,0.7,0.0,6.0,17.2,27.0,2.6,0.0,0.0,0.0,0.0,0.0,0.0,-0.14,136.0,-25.8,10.0,44.0
93,Haïti,1817.0,2351.0,0.4,0.0,2099.0,2096.0,43.9,12.9,48.2,2.61,700000.0,0.0,300000.0,0.0,5400000.0,9600000.0,0.0,20300000.0,27900000.0,5100000.0,9300000.0,3211500000.0,54.0,0.0,0.0,37.0,67.0,20.3,0.0,3.5,0.0,3.6,0.0,10.1,45.1,138.9,132.0,135.6,247.3,247.5,247.4,-1.03,89.0,83.6,134.0,28.0
95,Honduras,1781.0,2304.0,0.32,0.0,2618.0,2639.0,87.5,24.8,62.1,1.97,1800000.0,100000.0,200000.0,0.0,2000000.0,5600000.0,0.0,7100000.0,15100000.0,1600000.0,4900000.0,5672200000.0,43.0,52.0,64.0,83.0,95.0,18.4,0.0,0.8,0.0,4.9,13.1,28.1,15.8,56.7,50.7,53.6,160.5,138.8,149.6,-0.45,115.0,65.3,18.0,8.0
96,Chine - RAS de Hong-Kong,1880.0,2432.0,0.22,0.0,3099.0,3113.0,128.1,103.5,144.4,3.07,0.0,0.0,0.0,0.0,0.0,0.0,0.0,0.0,0.0,0.0,0.0,61328400000.0,27.0,93.0,99.0,96.0,99.0,0.0,0.0,1.0,0.0,0.0,0.0,0.0,0.0,0.0,0.0,0.0,0.0,0.0,0.0,0.06,128.0,100.0,4.0,73.0
97,Hongrie,1945.0,2527.0,0.21,8.2,3368.0,3366.0,150.3,56.0,92.5,1.67,2400000.0,0.0,0.0,0.0,300000.0,1500000.0,0.0,600000.0,3100000.0,0.0,1100000.0,35937800000.0,28.0,88.0,99.0,98.0,99.0,0.0,0.0,2.1,0.0,0.0,8.3,30.3,0.0,7.7,4.7,6.2,35.7,27.8,31.8,0.84,133.0,-91.8,4.0,26.0
98,Croatie,1920.0,2492.0,0.21,3.0,3219.0,3220.0,124.8,66.2,104.5,2.23,1000000.0,0.0,0.0,0.0,0.0,800000.0,0.0,0.0,1400000.0,0.0,500000.0,31124000000.0,28.0,78.0,0.0,96.0,0.0,0.0,0.0,0.8,0.0,0.0,5.0,29.0,0.0,6.3,3.4,4.9,41.7,26.7,34.2,0.61,129.0,-51.0,17.0,34.0
99,Islande,1966.0,2561.0,0.2,0.0,3634.0,3634.0,164.1,107.7,151.4,2.22,100000.0,0.0,0.0,0.0,0.0,0.0,0.0,0.0,0.0,0.0,0.0,59801900000.0,28.0,0.0,99.0,99.0,99.0,0.0,0.0,0.0,0.0,0.0,4.0,20.7,0.0,4.4,2.9,3.9,20.3,17.7,19.0,1.37,142.0,92.5,10.0,44.0
