country_code,zone,besoins_energetiques_alimentaires_moyens_(kcal/personne/jour),densite_du_reseau_ferroviaire_(pour_100_km_carres_de_surface_totale_du_pays),"pib_par_habitant,_($_ppa_internationaux_constants_de_2017)","part_des_cereales,_des_racines_et_des_tubercules_dans_les_apports_energetiques_alimentaires_(%)_(moyenne_sur_3_ans)",pourcentage_des_terres_arables_amenagees_pour_l'irrigation_(%)_(moyenne_sur_3_ans),stabilite_politique_et_absence_de_violence/terrorisme_(indice),suffisance_des_apports_energetiques_alimentaires_moyens_(%)_(moyenne_sur_3_ans),taux_de_dependance_a_l'egard_des_importations_cerealieres_(%)_(moyenne_sur_3_ans),valeur_des_importations_alimentaires_par_rapport_aux_exportations_totales_de_marchandises_(%)_(moyenne_sur_3_ans),variabilite_des_disponibilites_alimentaires_par_habitant_(kcal/personne/jour)
1,Arménie,2420.0,2.3,15889.3,39.0,7.3,-0.77,133.0,85.9,24.0,51.0
10,Australie,2493.0,0.0,56298.2,23.0,0.3,0.86,140.0,-163.2,5.0,31.0
100,Inde,2325.0,2.1,7436.1,54.0,25.1,-0.84,110.0,-8.9,6.0,20.0
101,Indonésie,2311.0,0.0,12523.2,57.0,3.6,-0.46,126.0,15.3,8.0,43.0
102,Iran (République islamique d'),2376.0,0.5,14468.6,51.0,5.9,-1.7,122.0,47.8,14.0,37.0
103,Iraq,2279.0,0.0,12563.7,59.0,8.1,-2.47,117.0,46.3,15.0,19.0
104,Irlande,2486.0,2.7,100077.0,28.0,0.0,0.97,156.0,58.3,5.0,39.0
105,Israël,2298.0,7.3,43189.5,31.0,14.1,-0.89,160.0,91.8,10.0,19.0
106,Italie,2528.0,5.7,45844.7,31.0,13.9,0.4,146.0,39.8,7.0,30.0
107,Côte d'Ivoire,2233.0,0.2,6161.2,70.0,0.2,-1.03,130.0,48.4,12.0,8.0
108,Kazakhstan,2347.0,0.6,33251.4,33.0,0.8,-0.26,144.0,-66.1,7.0,69.0
109,Jamaïque,2504.0,0.0,9211.8,38.0,2.8,0.26,115.0,99.0,67.0,35.0
11,Autriche,2535.0,5.9,61108.4,26.0,1.2,0.89,150.0,20.3,7.0,30.0
110,Japon,2422.0,0.0,42988.5,39.0,6.6,1.03,111.0,66.7,7.0,25.0
112,Jordanie,2355.0,0.0,8970.2,42.0,1.2,-0.27,109.0,99.5,43.0,46.0
113,Kirghizistan,2311.0,0.2,5661.3,49.0,5.3,-0.46,118.0,26.2,31.0,39.0
114,Kenya,2254.0,0.0,5079.9,53.0,0.3,-1.01,99.0,47.8,42.0,51.0
115,Cambodge,2295.0,0.0,4584.2,76.0,1.5,-0.21,122.0,-2.4,6.0,40.0
116,République populaire démocratique de Corée,2411.0,0.0,0.0,0.0,12.1,-0.38,84.0,0.0,318.0,30.0
117,République de Corée,2469.0,4.3,46506.9,34.0,7.3,0.61,137.0,76.9,4.0,16.0
118,Koweït,2482.0,0.0,46380.2,40.0,1.0,0.23,140.0,93.5,8.0,25.0
119,Lettonie,2453.0,2.9,34168.9,29.0,0.0,0.46,133.0,-219.4,16.0,14.0
12,Bahamas,2499.0,0.0,24799.0,26.0,0.1,0.83,0.0,99.4,76.0,0.0
120,République démocratique populaire lao,2354.0,0.0,8025.2,68.0,1.9,0.69,116.0,-1.0,13.0,22.0
121,Liban,2360.0,0.0,12594.6,41.0,8.8,-1.62,123.0,87.0,51.0,18.0
122,Lesotho,2299.0,0.0,2440.9,67.0,0.1,-0.25,0.0,100.0,30.0,0.0
123,Libéria,2213.0,0.0,1513.8,72.0,0.0,-0.31,95.0,71.8,60.0,25.0
124,Libye,2384.0,0.0,11660.6,41.0,0.2,-2.46,133.0,92.5,16.0,12.0
126,Lituanie,2463.0,2.9,43758.8,33.0,0.1,0.92,135.0,-233.7,10.0,27.0
127,Îles Marshall,0.0,0.0,6317.0,34.0,0.0,0.98,0.0,84.8,0.0,0.0
128,Chine - RAS de Macao,2437.0,0.0,60597.7,30.0,0.0,1.14,124.0,0.0,108.0,28.0
129,Madagascar,2183.0,0.1,1591.2,79.0,1.9,-0.51,91.0,20.7,26.0,7.0
13,Bahreïn,2514.0,0.0,52429.6,33.0,4.8,-0.61,0.0,0.0,9.0,0.0
130,Malawi,2182.0,0.0,1730.0,67.0,1.0,-0.12,121.0,2.8,29.0,22.0
131,Malaisie,2394.0,0.5,29815.9,39.0,1.3,0.12,124.0,76.5,6.0,10.0
132,Maldives,2424.0,0.0,13888.8,41.0,0.0,0.36,0.0,0.0,151.0,0.0
133,Mali,2195.0,0.0,2403.1,74.0,0.3,-2.15,127.0,6.6,18.0,15.0
134,Malte,2563.0,0.0,47836.3,35.0,11.9,1.0,130.0,100.0,19.0,35.0
136,Mauritanie,2224.0,0.1,6097.8,55.0,0.0,-0.7,132.0,59.5,26.0,16.0
137,Maurice,2447.0,0.0,21994.7,42.0,9.5,0.87,125.0,93.2,38.0,11.0
138,Mexique,2398.0,0.0,20070.5,42.0,3.8,-0.79,136.0,39.1,5.0,11.0
14,Barbade,2487.0,0.0,14828.8,32.0,12.6,1.12,127.0,99.5,84.0,38.0
141,Mongolie,2296.0,0.1,14949.0,36.0,0.1,0.72,128.0,34.8,8.0,58.0
143,Maroc,2384.0,0.5,8028.9,59.0,4.4,-0.36,141.0,70.1,18.0,21.0
144,Mozambique,2166.0,0.0,1447.6,71.0,0.2,-1.28,98.0,51.6,29.0,114.0
145,Micronésie (États fédérés de),2297.0,0.0,3774.4,39.0,0.0,1.12,0.0,0.0,0.0,0.0
146,République de Moldova,2455.0,3.4,13559.3,35.0,6.6,-0.34,122.0,-66.1,24.0,43.0
147,Namibie,2310.0,0.0,10627.1,52.0,0.0,0.51,111.0,79.1,14.0,21.0
148,Nauru,0.0,0.0,11931.6,23.0,0.0,0.78,0.0,0.0,19.0,0.0
149,Népal,2264.0,0.0,4355.1,63.0,9.6,-0.18,128.0,20.1,185.0,29.0
150,Pays-Bas (Royaume des),2580.0,7.4,64080.8,27.0,15.5,0.83,134.0,89.1,8.0,58.0
153,Nouvelle-Calédonie,2341.0,0.0,0.0,36.0,0.5,0.0,124.0,87.8,21.0,22.0
154,Macédoine du Nord,2510.0,2.7,18796.4,34.0,5.1,0.11,125.0,26.4,12.0,19.0
155,Vanuatu,2162.0,0.0,3143.7,48.0,0.0,0.88,130.0,100.0,135.0,19.0
156,Nouvelle-Zélande,2494.0,0.0,46361.9,32.0,2.8,1.47,133.0,46.2,10.0,16.0
157,Nicaragua,2301.0,0.0,6317.3,50.0,1.6,-0.59,115.0,46.1,16.0,30.0
158,Niger,2145.0,0.0,1574.8,57.0,0.2,-1.67,120.0,23.0,66.0,26.0
159,Nigéria,2203.0,0.0,5557.9,65.0,0.4,-1.89,115.0,18.4,10.0,8.0
16,Bangladesh,2309.0,0.0,6968.1,75.0,60.4,-0.92,110.0,13.7,25.0,38.0
160,Nioué,0.0,0.0,0.0,0.0,0.0,0.0,0.0,0.0,309.0,0.0
162,Norvège,2554.0,0.6,84071.8,31.0,0.2,1.22,138.0,73.6,5.0,61.0
165,Pakistan,2234.0,0.0,5311.4,48.0,25.9,-1.79,111.0,-12.3,29.0,22.0
166,Panama,2311.0,0.0,27025.3,41.0,0.6,0.24,132.0,64.6,17.0,67.0
167,Tchéquie,2525.0,11.9,45917.3,24.0,0.5,0.91,133.0,-47.4,4.0,62.0
168,Papouasie-Nouvelle-Guinée,2235.0,0.0,4128.8,44.0,0.0,-0.65,99.0,98.1,7.0,11.0
169,Paraguay,2364.0,0.0,14957.8,53.0,0.4,0.02,131.0,-86.1,9.0,18.0
17,Bermudes,2672.0,0.0,88652.3,0.0,0.0,1.0,0.0,0.0,0.0,0.0
170,Pérou,2309.0,0.0,13257.9,50.0,2.0,-0.36,122.0,54.3,8.0,18.0
171,Philippines,2253.0,0.0,8446.9,62.0,6.7,-0.78,125.0,31.2,16.0,51.0
173,Pologne,2505.0,6.0,37686.9,35.0,1.9,0.49,141.0,-19.9,6.0,59.0
174,Portugal,2491.0,2.7,36909.2,30.0,6.2,1.01,141.0,78.0,14.0,25.0
175,Guinée-Bissau,2242.0,0.0,2131.6,64.0,0.9,-0.72,97.0,0.0,61.0,61.0
176,Timor-Leste,2222.0,0.0,6724.8,62.0,2.4,0.2,102.0,0.0,44.0,21.0
177,Porto Rico,2497.0,0.0,40131.1,0.0,2.5,0.44,0.0,0.0,0.0,0.0
178,Érythrée,2238.0,0.0,0.0,0.0,0.2,-0.99,0.0,0.0,24.0,0.0
179,Qatar,2654.0,0.0,104323.0,43.0,2.1,0.67,0.0,98.4,4.0,0.0
18,Bhoutan,2377.0,0.0,12937.9,64.0,0.9,1.01,0.0,68.4,23.0,0.0
180,Palaos,0.0,0.0,18101.7,37.0,0.0,1.17,0.0,0.0,0.0,0.0
181,Zimbabwe,2245.0,0.8,3082.9,53.0,0.5,-1.05,91.0,44.1,15.0,21.0
183,Roumanie,2483.0,4.5,35653.4,38.0,13.8,0.51,147.0,-61.5,11.0,28.0
184,Rwanda,2231.0,0.0,2499.0,55.0,0.3,0.07,100.0,36.9,41.0,25.0
185,Fédération de Russie,2463.0,0.5,36928.7,40.0,0.3,-0.67,137.0,-47.3,6.0,11.0
188,Saint-Kitts-et-Nevis,0.0,0.0,26636.9,29.0,0.1,0.93,0.0,0.0,85.0,0.0
189,Sainte-Lucie,2513.0,0.0,17804.5,36.0,4.9,0.86,0.0,92.7,208.0,0.0
19,Bolivie (État plurinational de),2273.0,0.0,8910.6,49.0,0.5,-0.45,105.0,16.3,7.0,22.0
191,Saint-Vincent-et-les Grenadines,2483.0,0.0,15505.4,29.0,1.3,1.03,119.0,87.4,174.0,34.0
193,Sao Tomé-et-Principe,2263.0,0.0,5711.3,47.0,10.4,0.49,106.0,0.0,297.0,27.0
194,Arabie saoudite,2426.0,0.0,45714.8,46.0,1.5,-0.65,134.0,93.2,8.0,36.0
195,Sénégal,2269.0,0.0,4111.7,60.0,0.6,-0.14,122.0,45.7,40.0,23.0
196,Seychelles,2421.0,0.0,24802.0,40.0,0.7,0.7,131.0,0.0,31.0,24.0
197,Sierra Leone,2247.0,0.0,1595.3,69.0,0.4,-0.3,103.0,33.7,72.0,52.0
198,Slovénie,2495.0,5.9,43082.3,38.0,0.3,0.7,125.0,32.1,6.0,16.0
199,Slovaquie,2534.0,7.4,35991.2,30.0,1.3,0.63,118.0,-53.3,5.0,83.0
2,Afghanistan,2134.0,0.0,2776.6,70.0,4.9,-2.7,105.0,37.7,148.0,33.0
20,Botswana,2352.0,0.2,15130.3,49.0,0.0,1.01,110.0,77.4,14.0,33.0
200,Singapour,2486.0,0.0,113400.0,0.0,0.0,1.44,0.0,0.0,3.0,0.0
201,Somalie,2180.0,0.0,1460.4,42.0,0.3,-2.58,83.0,88.7,363.0,17.0
202,Afrique du Sud,2367.0,1.7,13671.8,47.0,1.4,-0.25,118.0,10.1,5.0,33.0
203,Espagne,2506.0,3.1,41039.0,26.0,7.8,0.41,135.0,36.4,8.0,34.0
207,Suriname,2399.0,0.0,19092.2,42.0,0.4,0.42,111.0,-17.5,8.0,29.0
208,Tadjikistan,2285.0,0.5,3805.2,51.0,5.9,-0.5,121.0,49.2,50.0,50.0
209,Eswatini,2322.0,0.0,9308.4,56.0,2.9,-0.04,109.0,65.9,16.0,25.0
21,Brésil,2450.0,0.0,16709.4,31.0,1.0,-0.45,134.0,-24.6,4.0,19.0
210,Suède,2535.0,1.8,60064.6,29.0,0.4,1.0,129.0,-17.2,7.0,26.0
211,Suisse,2559.0,8.9,78023.3,25.0,1.3,1.18,134.0,61.9,3.0,26.0
212,République arabe syrienne,2348.0,0.0,2953.6,52.0,7.1,-2.71,105.0,34.2,48.0,34.0
213,Turkménistan,2302.0,0.0,0.0,52.0,4.2,-0.2,124.0,12.7,5.0,18.0
214,"Chine, Taiwan Province de",2472.0,0.0,0.0,30.0,10.7,0.0,120.0,76.9,3.0,11.0
215,République-Unie de Tanzanie,2150.0,0.0,3408.9,57.0,0.4,-0.48,110.0,0.5,11.0,22.0
216,Thaïlande,2448.0,0.0,19990.6,49.0,12.6,-0.58,116.0,-12.9,4.0,15.0
217,Togo,2251.0,0.0,2587.9,68.0,0.1,-0.89,111.0,24.4,31.0,27.0
218,Tokélaou,0.0,0.0,0.0,0.0,0.0,0.0,0.0,0.0,0.0,0.0
219,Tonga,2452.0,0.0,7014.8,34.0,0.0,1.09,0.0,0.0,336.0,0.0
220,Trinité-et-Tobago,2441.0,0.0,28059.6,41.0,1.4,0.11,121.0,98.6,12.0,16.0
221,Oman,2446.0,0.0,37572.7,31.0,0.4,0.42,125.0,87.7,10.0,34.0
222,Tunisie,2346.0,1.1,11711.6,46.0,3.2,-0.59,148.0,67.9,14.0,22.0
223,Türkiye,2410.0,1.3,28649.6,41.0,6.8,-1.14,133.0,39.9,7.0,22.0
225,Émirats arabes unis,2666.0,0.3,66590.4,36.0,1.3,0.59,124.0,96.6,4.0,22.0
226,Ouganda,2198.0,0.0,2681.2,42.0,0.1,-0.81,98.0,12.3,23.0,62.0
227,Tuvalu,0.0,0.0,5051.6,34.0,0.0,1.22,0.0,0.0,5702.0,0.0
229,Royaume-Uni de Grande-Bretagne et d'Irlande du Nord,2492.0,6.7,48583.8,33.0,0.9,0.48,135.0,25.1,12.0,17.0
23,Belize,2297.0,0.0,9934.9,37.0,0.2,0.52,125.0,19.2,38.0,42.0
230,Ukraine,2489.0,3.6,17285.9,42.0,3.7,-1.16,118.0,-282.5,8.0,8.0
231,États-Unis d'Amérique,2557.0,1.5,66382.8,23.0,2.9,-0.03,152.0,-22.2,9.0,24.0
233,Burkina Faso,2226.0,0.2,2369.6,58.0,0.2,-1.54,119.0,15.6,10.0,20.0
234,Uruguay,2431.0,0.9,27998.7,36.0,1.5,1.05,135.0,-73.1,14.0,30.0
235,Ouzbékistan,2364.0,1.1,7751.2,47.0,9.8,-0.44,137.0,28.7,16.0,63.0
236,Venezuela (République bolivarienne du),2343.0,0.0,0.0,41.0,1.2,-1.55,97.0,62.5,31.0,136.0
237,Viet Nam,2304.0,1.0,12014.8,58.0,14.6,-0.04,131.0,14.0,5.0,6.0
238,Éthiopie,2236.0,0.0,2553.6,74.0,0.8,-1.75,109.0,10.1,81.0,52.0
244,Samoa,2335.0,0.0,6689.7,38.0,0.0,1.15,131.0,0.0,218.0,26.0
249,Yémen,2192.0,0.0,0.0,61.0,1.3,-2.65,96.0,88.5,240.0,47.0
25,Îles Salomon,2190.0,0.0,2724.6,64.0,0.0,0.56,108.0,0.0,24.0,16.0
250,République démocratique du Congo,2123.0,0.2,1320.8,81.0,0.0,-1.79,100.0,22.4,4.0,20.0
251,Zambie,2198.0,0.0,3415.2,72.0,0.2,-0.13,101.0,-1.3,5.0,28.0
255,Belgique,2542.0,11.8,58364.7,24.0,0.8,0.52,152.0,66.7,7.0,25.0
256,Luxembourg,2585.0,10.5,130690.0,29.0,0.0,1.21,135.0,31.4,15.0,60.0
26,Brunéi Darussalam,2423.0,0.0,81313.0,0.0,0.2,1.19,0.0,0.0,6.0,0.0
27,Bulgarie,2490.0,3.6,27092.2,33.0,1.3,0.4,116.0,-258.1,10.0,28.0
272,Serbie,2490.0,3.9,20759.5,49.0,0.7,-0.17,141.0,-59.4,9.0,34.0
273,Monténégro,2465.0,0.0,21609.9,33.0,0.2,-0.06,142.0,94.6,119.0,14.0
276,Soudan,2214.0,0.1,3581.0,50.0,1.0,-1.66,117.0,31.9,56.0,40.0
277,Soudan du Sud,2186.0,0.0,0.0,47.0,0.0,-2.19,109.0,23.6,46.0,0.0
28,Myanmar,2326.0,0.0,5881.7,58.0,3.5,-1.51,120.0,-11.3,9.0,23.0
29,Burundi,2124.0,0.0,861.0,65.0,0.9,-1.54,0.0,23.4,76.0,0.0
299,Palestine,2222.0,0.0,5423.7,49.0,21.0,-2.02,0.0,95.2,35.0,0.0
3,Albanie,2488.0,0.0,14794.6,34.0,13.1,0.09,135.0,46.9,20.0,14.0
32,Cameroun,2248.0,0.2,4711.1,58.0,0.1,-1.51,126.0,34.8,27.0,30.0
33,Canada,2505.0,0.5,53146.1,28.0,0.1,1.01,144.0,-173.8,7.0,27.0
35,Cabo Verde,2426.0,0.0,6282.9,53.0,0.9,0.87,108.0,97.3,388.0,25.0
351,Chine,2440.0,1.1,19075.9,51.0,0.0,0.0,137.0,6.9,5.0,24.0
37,République centrafricaine,2139.0,0.0,1069.3,43.0,0.0,-2.24,106.0,0.0,63.0,18.0
38,Sri Lanka,2312.0,0.0,13970.3,60.0,10.3,-0.09,122.0,18.7,18.0,25.0
39,Tchad,2179.0,0.0,1843.2,59.0,0.0,-1.26,104.0,4.9,9.0,26.0
4,Algérie,2299.0,0.0,12677.7,50.0,0.6,-0.85,152.0,80.6,28.0,45.0
40,Chili,2451.0,0.3,26347.1,40.0,1.5,0.04,126.0,58.5,9.0,14.0
41,"Chine, continentale",2440.0,1.1,18833.8,51.0,7.9,0.0,137.0,5.9,5.0,25.0
44,Colombie,2369.0,0.0,16023.6,35.0,1.0,-0.7,130.0,64.0,15.0,43.0
45,Comores,2245.0,0.0,3420.2,55.0,0.1,-0.29,111.0,0.0,287.0,19.0
46,Congo,2236.0,0.0,6406.9,59.0,0.0,-0.21,97.0,93.3,9.0,18.0
47,Îles Cook,0.0,0.0,0.0,0.0,0.0,0.0,0.0,0.0,176.0,0.0
48,Costa Rica,2448.0,0.0,22090.0,32.0,3.1,0.75,123.0,89.4,14.0,41.0
49,Cuba,2449.0,0.0,0.0,44.0,6.2,0.6,139.0,86.5,95.0,50.0
5,Samoa américaines,0.0,0.0,0.0,0.0,0.0,1.09,0.0,0.0,0.0,0.0
50,Chypre,2533.0,0.0,44511.5,38.0,4.1,0.29,120.0,97.3,30.0,31.0
52,Azerbaïdjan,2415.0,2.6,19126.1,51.0,17.8,-0.85,138.0,32.7,10.0,56.0
53,Bénin,2210.0,0.0,3429.9,64.0,0.5,-0.44,123.0,43.4,30.0,18.0
54,Danemark,2549.0,0.0,65686.5,25.0,8.0,0.92,141.0,-9.8,8.0,57.0
55,Dominique,2724.0,0.0,13617.8,27.0,0.3,1.32,109.0,100.0,270.0,44.0
56,République dominicaine,2395.0,0.0,19736.8,27.0,6.4,0.16,129.0,64.0,25.0,15.0
57,Bélarus,2454.0,2.6,26731.5,34.0,0.2,-0.89,135.0,6.4,9.0,20.0
58,Équateur,2318.0,0.0,12904.6,42.0,6.9,-0.27,109.0,39.7,7.0,47.0
59,Égypte,2340.0,0.0,15572.8,64.0,4.0,-1.18,134.0,44.0,45.0,19.0
6,Andorre,0.0,0.0,55260.3,0.0,0.3,1.59,0.0,0.0,0.0,0.0
60,El Salvador,2308.0,0.0,9801.9,49.0,2.2,-0.12,121.0,53.8,36.0,40.0
61,Guinée équatoriale,2289.0,0.0,18320.1,0.0,0.1,-0.22,0.0,0.0,6.0,0.0
63,Estonie,2538.0,0.0,41749.5,22.0,0.1,0.71,129.0,-133.0,8.0,52.0
66,Fidji,2375.0,0.0,11188.2,43.0,0.2,0.66,120.0,82.2,37.0,39.0
67,Finlande,2557.0,1.7,56368.8,32.0,0.2,0.98,131.0,-10.4,6.0,27.0
68,France,2497.0,5.1,50724.5,29.0,5.2,0.28,143.0,-87.8,9.0,17.0
7,Angola,2143.0,0.0,7562.1,63.0,0.1,-0.6,112.0,40.8,8.0,32.0
70,Polynésie française,2440.0,0.0,0.0,35.0,0.3,0.0,117.0,0.0,326.0,28.0
72,Djibouti,2387.0,0.0,5852.8,53.0,0.0,-0.45,117.0,100.0,41.0,22.0
73,Géorgie,2450.0,2.0,16856.2,47.0,1.6,-0.43,125.0,63.4,27.0,65.0
74,Gabon,2296.0,0.2,19666.6,51.0,0.0,-0.07,114.0,90.2,9.0,44.0
75,Gambie,2256.0,0.0,2652.6,52.0,0.5,0.25,109.0,87.0,557.0,27.0
79,Allemagne,2537.0,9.3,60065.5,24.0,1.9,0.64,143.0,1.6,5.0,22.0
8,Antigua-et-Barbuda,2472.0,0.0,23704.0,28.0,0.9,0.93,0.0,100.0,489.0,0.0
80,Bosnie-Herzégovine,2502.0,0.0,16869.7,41.0,0.1,-0.45,134.0,33.4,23.0,19.0
81,Ghana,2293.0,0.0,6354.4,67.0,1.0,0.17,134.0,38.4,17.0,71.0
83,Kiribati,2233.0,0.0,2093.3,32.0,0.0,1.16,139.0,0.0,385.0,32.0
84,Grèce,2520.0,1.8,30096.8,27.0,15.3,0.12,134.0,35.7,16.0,35.0
85,Groenland,0.0,0.0,67560.3,0.0,0.0,1.91,0.0,0.0,0.0,0.0
86,Grenade,2481.0,0.0,13788.9,24.0,5.9,1.03,0.0,99.7,328.0,0.0
89,Guatemala,2209.0,0.0,11376.6,45.0,3.1,-0.42,122.0,55.5,25.0,17.0
9,Argentine,2433.0,0.0,23785.8,33.0,0.9,-0.07,136.0,-141.5,5.0,31.0
90,Guinée,2220.0,0.0,3683.8,64.0,0.4,-0.67,129.0,28.8,13.0,19.0
91,Guyana,2319.0,0.0,19482.1,39.0,0.7,-0.14,136.0,-25.8,10.0,44.0
93,Haïti,2351.0,0.0,3211.5,54.0,3.5,-1.03,89.0,83.6,134.0,28.0
95,Honduras,2304.0,0.0,5672.2,43.0,0.8,-0.45,115.0,65.3,18.0,8.0
96,Chine - RAS de Hong-Kong,2432.0,0.0,61328.4,27.0,1.0,0.06,128.0,100.0,4.0,73.0
97,Hongrie,2527.0,8.2,35937.8,28.0,2.1,0.84,133.0,-91.8,4.0,26.0
98,Croatie,2492.0,3.0,31124.0,28.0,0.8,0.61,129.0,-51.0,17.0,34.0
99,Islande,2561.0,0.0,59801.9,28.0,0.0,1.37,142.0,92.5,10.0,44.0
