Domain Code,Domain,Area Code (M49),Area,Element Code,Element,Item Code (CPC),Item,Year Code,Year,Unit,Value,Flag,Flag Description,Note
"TCL","Crops and livestock products","004","Afghanistan","5609","Import quantity","02151","Chickens","2020","2020","1000 An","49390","X","Figure from international organizations","Estimated data using trading partners database"
"TCL","Crops and livestock products","004","Afghanistan","5622","Import value","02151","Chickens","2020","2020","1000 USD","15341","X","Figure from international organizations","Estimated data using trading partners database"
"TCL","Crops and livestock products","008","Albania","5609","Import quantity","02151","Chickens","2020","2020","1000 An","644","A","Official figure",""
"TCL","Crops and livestock products","008","Albania","5622","Import value","02151","Chickens","2020","2020","1000 USD","4591","A","Official figure",""
"TCL","Crops and livestock products","012","Algeria","5609","Import quantity","02151","Chickens","2020","2020","1000 An","5248","X","Figure from international organizations","Estimated data using trading partners database"
"TCL","Crops and livestock products","012","Algeria","5622","Import value","02151","Chickens","2020","2020","1000 USD","26988","X","Figure from international organizations","Estimated data using trading partners database"
"TCL","Crops and livestock products","024","Angola","5609","Import quantity","02151","Chickens","2020","2020","1000 An","306","I","Imputed value",""
"TCL","Crops and livestock products","024","Angola","5622","Import value","02151","Chickens","2020","2020","1000 USD","349","A","Official figure",""
"TCL","Crops and livestock products","024","Angola","5909","Export quantity","02151","Chickens","2020","2020","1000 An","0","A","Official figure",""
"TCL","Crops and livestock products","024","Angola","5922","Export value","02151","Chickens","2020","2020","1000 USD","0","A","Official figure",""
"TCL","Crops and livestock products","028","Antigua and Barbuda","5609","Import quantity","02151","Chickens","2020","2020","1000 An","4","A","Official figure",""
"TCL","Crops and livestock products","028","Antigua and Barbuda","5622","Import value","02151","Chickens","2020","2020","1000 USD","130","A","Official figure",""
"TCL","Crops and livestock products","028","Antigua and Barbuda","5909","Export quantity","02151","Chickens","2020","2020","1000 An","0","A","Official figure",""
"TCL","Crops and livestock products","028","Antigua and Barbuda","5922","Export value","02151","Chickens","2020","2020","1000 USD","5","A","Official figure",""
"TCL","Crops and livestock products","032","Argentina","5609","Import quantity","02151","Chickens","2020","2020","1000 An","26","A","Official figure",""
"TCL","Crops and livestock products","032","Argentina","5622","Import value","02151","Chickens","2020","2020","1000 USD","17236","A","Official figure",""
"TCL","Crops and livestock products","051","Armenia","5609","Import quantity","02151","Chickens","2020","2020","1000 An","718","I","Imputed value",""
"TCL","Crops and livestock products","051","Armenia","5622","Import value","02151","Chickens","2020","2020","1000 USD","2832","A","Official figure",""
"TCL","Crops and livestock products","036","Australia","5909","Export quantity","02151","Chickens","2020","2020","1000 An","192","A","Official figure",""
"TCL","Crops and livestock products","036","Australia","5922","Export value","02151","Chickens","2020","2020","1000 USD","1104","A","Official figure",""
"TCL","Crops and livestock products","040","Austria","5609","Import quantity","02151","Chickens","2020","2020","1000 An","21569","A","Official figure",""
"TCL","Crops and livestock products","040","Austria","5622","Import value","02151","Chickens","2020","2020","1000 USD","43446","A","Official figure",""
"TCL","Crops and livestock products","040","Austria","5909","Export quantity","02151","Chickens","2020","2020","1000 An","11841","A","Official figure",""
"TCL","Crops and livestock products","040","Austria","5922","Export value","02151","Chickens","2020","2020","1000 USD","16453","A","Official figure",""
"TCL","Crops and livestock products","031","Azerbaijan","5609","Import quantity","02151","Chickens","2020","2020","1000 An","381","A","Official figure",""
"TCL","Crops and livestock products","031","Azerbaijan","5622","Import value","02151","Chickens","2020","2020","1000 USD","5575","A","Official figure",""
"TCL","Crops and livestock products","044","Bahamas","5609","Import quantity","02151","Chickens","2020","2020","1000 An","34","A","Official figure",""
"TCL","Crops and livestock products","044","Bahamas","5622","Import value","02151","Chickens","2020","2020","1000 USD","45","A","Official figure",""
"TCL","Crops and livestock products","048","Bahrain","5609","Import quantity","02151","Chickens","2020","2020","1000 An","6","A","Official figure",""
"TCL","Crops and livestock products","048","Bahrain","5622","Import value","02151","Chickens","2020","2020","1000 USD","191","A","Official figure",""
"TCL","Crops and livestock products","050","Bangladesh","5609","Import quantity","02151","Chickens","2020","2020","1000 An","3017","X","Figure from international organizations","Estimated data using trading partners database"
"TCL","Crops and livestock products","050","Bangladesh","5622","Import value","02151","Chickens","2020","2020","1000 USD","21814","X","Figure from international organizations","Estimated data using trading partners database"
"TCL","Crops and livestock products","052","Barbados","5909","Export quantity","02151","Chickens","2020","2020","1000 An","44","A","Official figure",""
"TCL","Crops and livestock products","052","Barbados","5922","Export value","02151","Chickens","2020","2020","1000 USD","650","A","Official figure",""
"TCL","Crops and livestock products","112","Belarus","5609","Import quantity","02151","Chickens","2020","2020","1000 An","6228","I","Imputed value",""
"TCL","Crops and livestock products","112","Belarus","5622","Import value","02151","Chickens","2020","2020","1000 USD","11469","A","Official figure",""
"TCL","Crops and livestock products","112","Belarus","5909","Export quantity","02151","Chickens","2020","2020","1000 An","721","I","Imputed value",""
"TCL","Crops and livestock products","112","Belarus","5922","Export value","02151","Chickens","2020","2020","1000 USD","1695","A","Official figure",""
"TCL","Crops and livestock products","056","Belgium","5609","Import quantity","02151","Chickens","2020","2020","1000 An","142038","A","Official figure",""
"TCL","Crops and livestock products","056","Belgium","5622","Import value","02151","Chickens","2020","2020","1000 USD","200401","A","Official figure",""
"TCL","Crops and livestock products","056","Belgium","5909","Export quantity","02151","Chickens","2020","2020","1000 An","126208","A","Official figure",""
"TCL","Crops and livestock products","056","Belgium","5922","Export value","02151","Chickens","2020","2020","1000 USD","155737","A","Official figure",""
"TCL","Crops and livestock products","084","Belize","5609","Import quantity","02151","Chickens","2020","2020","1000 An","114","X","Figure from international organizations","Estimated data using trading partners database"
"TCL","Crops and livestock products","084","Belize","5622","Import value","02151","Chickens","2020","2020","1000 USD","727","X","Figure from international organizations","Estimated data using trading partners database"
"TCL","Crops and livestock products","204","Benin","5609","Import quantity","02151","Chickens","2020","2020","1000 An","160","A","Official figure",""
"TCL","Crops and livestock products","204","Benin","5622","Import value","02151","Chickens","2020","2020","1000 USD","701","A","Official figure",""
"TCL","Crops and livestock products","204","Benin","5909","Export quantity","02151","Chickens","2020","2020","1000 An","0","A","Official figure",""
"TCL","Crops and livestock products","204","Benin","5922","Export value","02151","Chickens","2020","2020","1000 USD","0","A","Official figure",""
"TCL","Crops and livestock products","064","Bhutan","5609","Import quantity","02151","Chickens","2020","2020","1000 An","118","X","Figure from international organizations","Estimated data using trading partners database"
"TCL","Crops and livestock products","064","Bhutan","5622","Import value","02151","Chickens","2020","2020","1000 USD","97","X","Figure from international organizations","Estimated data using trading partners database"
"TCL","Crops and livestock products","068","Bolivia (Plurinational State of)","5609","Import quantity","02151","Chickens","2020","2020","1000 An","1693","I","Imputed value",""
"TCL","Crops and livestock products","068","Bolivia (Plurinational State of)","5622","Import value","02151","Chickens","2020","2020","1000 USD","9355","A","Official figure",""
"TCL","Crops and livestock products","070","Bosnia and Herzegovina","5609","Import quantity","02151","Chickens","2020","2020","1000 An","33376","A","Official figure",""
"TCL","Crops and livestock products","070","Bosnia and Herzegovina","5622","Import value","02151","Chickens","2020","2020","1000 USD","3162","A","Official figure",""
"TCL","Crops and livestock products","070","Bosnia and Herzegovina","5909","Export quantity","02151","Chickens","2020","2020","1000 An","7094","A","Official figure",""
"TCL","Crops and livestock products","070","Bosnia and Herzegovina","5922","Export value","02151","Chickens","2020","2020","1000 USD","1096","A","Official figure",""
"TCL","Crops and livestock products","072","Botswana","5609","Import quantity","02151","Chickens","2020","2020","1000 An","1613","A","Official figure",""
"TCL","Crops and livestock products","072","Botswana","5622","Import value","02151","Chickens","2020","2020","1000 USD","3491","A","Official figure",""
"TCL","Crops and livestock products","076","Brazil","5609","Import quantity","02151","Chickens","2020","2020","1000 An","1","A","Official figure",""
"TCL","Crops and livestock products","076","Brazil","5622","Import value","02151","Chickens","2020","2020","1000 USD","1028","A","Official figure",""
"TCL","Crops and livestock products","076","Brazil","5909","Export quantity","02151","Chickens","2020","2020","1000 An","24256","A","Official figure",""
"TCL","Crops and livestock products","076","Brazil","5922","Export value","02151","Chickens","2020","2020","1000 USD","77891","A","Official figure",""
"TCL","Crops and livestock products","096","Brunei Darussalam","5609","Import quantity","02151","Chickens","2020","2020","1000 An","1999","A","Official figure",""
"TCL","Crops and livestock products","096","Brunei Darussalam","5622","Import value","02151","Chickens","2020","2020","1000 USD","1562","A","Official figure",""
"TCL","Crops and livestock products","100","Bulgaria","5609","Import quantity","02151","Chickens","2020","2020","1000 An","2551","A","Official figure",""
"TCL","Crops and livestock products","100","Bulgaria","5622","Import value","02151","Chickens","2020","2020","1000 USD","6941","A","Official figure",""
"TCL","Crops and livestock products","100","Bulgaria","5909","Export quantity","02151","Chickens","2020","2020","1000 An","21252","A","Official figure",""
"TCL","Crops and livestock products","100","Bulgaria","5922","Export value","02151","Chickens","2020","2020","1000 USD","9001","A","Official figure",""
"TCL","Crops and livestock products","854","Burkina Faso","5609","Import quantity","02151","Chickens","2020","2020","1000 An","1693","A","Official figure",""
"TCL","Crops and livestock products","854","Burkina Faso","5622","Import value","02151","Chickens","2020","2020","1000 USD","505","A","Official figure",""
"TCL","Crops and livestock products","854","Burkina Faso","5909","Export quantity","02151","Chickens","2020","2020","1000 An","28","A","Official figure",""
"TCL","Crops and livestock products","854","Burkina Faso","5922","Export value","02151","Chickens","2020","2020","1000 USD","1","A","Official figure",""
"TCL","Crops and livestock products","108","Burundi","5609","Import quantity","02151","Chickens","2020","2020","1000 An","1","A","Official figure",""
"TCL","Crops and livestock products","108","Burundi","5622","Import value","02151","Chickens","2020","2020","1000 USD","9","A","Official figure",""
"TCL","Crops and livestock products","132","Cabo Verde","5609","Import quantity","02151","Chickens","2020","2020","1000 An","122","X","Figure from international organizations","Estimated data using trading partners database"
"TCL","Crops and livestock products","132","Cabo Verde","5622","Import value","02151","Chickens","2020","2020","1000 USD","89","X","Figure from international organizations","Estimated data using trading partners database"
"TCL","Crops and livestock products","116","Cambodia","5609","Import quantity","02151","Chickens","2020","2020","1000 An","232","A","Official figure",""
"TCL","Crops and livestock products","116","Cambodia","5622","Import value","02151","Chickens","2020","2020","1000 USD","1539","A","Official figure",""
"TCL","Crops and livestock products","120","Cameroon","5609","Import quantity","02151","Chickens","2020","2020","1000 An","31","A","Official figure",""
"TCL","Crops and livestock products","120","Cameroon","5622","Import value","02151","Chickens","2020","2020","1000 USD","1926","A","Official figure",""
"TCL","Crops and livestock products","120","Cameroon","5909","Export quantity","02151","Chickens","2020","2020","1000 An","0","A","Official figure",""
"TCL","Crops and livestock products","120","Cameroon","5922","Export value","02151","Chickens","2020","2020","1000 USD","9","A","Official figure",""
"TCL","Crops and livestock products","124","Canada","5609","Import quantity","02151","Chickens","2020","2020","1000 An","36093","A","Official figure",""
"TCL","Crops and livestock products","124","Canada","5622","Import value","02151","Chickens","2020","2020","1000 USD","59643","A","Official figure",""
"TCL","Crops and livestock products","124","Canada","5909","Export quantity","02151","Chickens","2020","2020","1000 An","2713","A","Official figure",""
"TCL","Crops and livestock products","124","Canada","5922","Export value","02151","Chickens","2020","2020","1000 USD","11368","A","Official figure",""
"TCL","Crops and livestock products","148","Chad","5609","Import quantity","02151","Chickens","2020","2020","1000 An","45","X","Figure from international organizations","Estimated data using trading partners database"
"TCL","Crops and livestock products","148","Chad","5622","Import value","02151","Chickens","2020","2020","1000 USD","79","X","Figure from international organizations","Estimated data using trading partners database"
"TCL","Crops and livestock products","152","Chile","5609","Import quantity","02151","Chickens","2020","2020","1000 An","502","A","Official figure",""
"TCL","Crops and livestock products","152","Chile","5622","Import value","02151","Chickens","2020","2020","1000 USD","7220","A","Official figure",""
"TCL","Crops and livestock products","159","China","5609","Import quantity","02151","Chickens","2020","2020","1000 An","9824","E","Estimated value",""
"TCL","Crops and livestock products","159","China","5622","Import value","02151","Chickens","2020","2020","1000 USD","60634","A","Official figure",""
"TCL","Crops and livestock products","159","China","5909","Export quantity","02151","Chickens","2020","2020","1000 An","180","A","Official figure",""
"TCL","Crops and livestock products","159","China","5922","Export value","02151","Chickens","2020","2020","1000 USD","1839","A","Official figure",""
"TCL","Crops and livestock products","344","China, Hong Kong SAR","5609","Import quantity","02151","Chickens","2020","2020","1000 An","3617","A","Official figure",""
"TCL","Crops and livestock products","344","China, Hong Kong SAR","5622","Import value","02151","Chickens","2020","2020","1000 USD","1685","A","Official figure",""
"TCL","Crops and livestock products","446","China, Macao SAR","5609","Import quantity","02151","Chickens","2020","2020","1000 An","3000","E","Estimated value",""
"TCL","Crops and livestock products","446","China, Macao SAR","5622","Import value","02151","Chickens","2020","2020","1000 USD","18500","E","Estimated value",""
"TCL","Crops and livestock products","156","China, mainland","5609","Import quantity","02151","Chickens","2020","2020","1000 An","2781","I","Imputed value",""
"TCL","Crops and livestock products","156","China, mainland","5622","Import value","02151","Chickens","2020","2020","1000 USD","35721","A","Official figure",""
"TCL","Crops and livestock products","156","China, mainland","5909","Export quantity","02151","Chickens","2020","2020","1000 An","180","A","Official figure",""
"TCL","Crops and livestock products","156","China, mainland","5922","Export value","02151","Chickens","2020","2020","1000 USD","1839","A","Official figure",""
"TCL","Crops and livestock products","158","China, Taiwan Province of","5609","Import quantity","02151","Chickens","2020","2020","1000 An","427","I","Imputed value",""
"TCL","Crops and livestock products","158","China, Taiwan Province of","5622","Import value","02151","Chickens","2020","2020","1000 USD","4729","A","Official figure",""
"TCL","Crops and livestock products","170","Colombia","5609","Import quantity","02151","Chickens","2020","2020","1000 An","708","I","Imputed value",""
"TCL","Crops and livestock products","170","Colombia","5622","Import value","02151","Chickens","2020","2020","1000 USD","18055","A","Official figure",""
"TCL","Crops and livestock products","170","Colombia","5909","Export quantity","02151","Chickens","2020","2020","1000 An","1805","I","Imputed value",""
"TCL","Crops and livestock products","170","Colombia","5922","Export value","02151","Chickens","2020","2020","1000 USD","4367","A","Official figure",""
"TCL","Crops and livestock products","174","Comoros","5609","Import quantity","02151","Chickens","2020","2020","1000 An","2","A","Official figure",""
"TCL","Crops and livestock products","174","Comoros","5622","Import value","02151","Chickens","2020","2020","1000 USD","23","A","Official figure",""
"TCL","Crops and livestock products","178","Congo","5609","Import quantity","02151","Chickens","2020","2020","1000 An","252","A","Official figure",""
"TCL","Crops and livestock products","178","Congo","5622","Import value","02151","Chickens","2020","2020","1000 USD","128","A","Official figure",""
"TCL","Crops and livestock products","178","Congo","5909","Export quantity","02151","Chickens","2020","2020","1000 An","745","A","Official figure",""
"TCL","Crops and livestock products","178","Congo","5922","Export value","02151","Chickens","2020","2020","1000 USD","35","A","Official figure",""
"TCL","Crops and livestock products","184","Cook Islands","5609","Import quantity","02151","Chickens","2020","2020","1000 An","2","X","Figure from international organizations","Estimated data using trading partners database"
"TCL","Crops and livestock products","184","Cook Islands","5622","Import value","02151","Chickens","2020","2020","1000 USD","10","X","Figure from international organizations","Estimated data using trading partners database"
"TCL","Crops and livestock products","188","Costa Rica","5609","Import quantity","02151","Chickens","2020","2020","1000 An","1156","A","Official figure",""
"TCL","Crops and livestock products","188","Costa Rica","5622","Import value","02151","Chickens","2020","2020","1000 USD","6447","A","Official figure",""
"TCL","Crops and livestock products","188","Costa Rica","5909","Export quantity","02151","Chickens","2020","2020","1000 An","10424","A","Official figure",""
"TCL","Crops and livestock products","188","Costa Rica","5922","Export value","02151","Chickens","2020","2020","1000 USD","7137","A","Official figure",""
"TCL","Crops and livestock products","384","Côte d'Ivoire","5609","Import quantity","02151","Chickens","2020","2020","1000 An","1145","A","Official figure",""
"TCL","Crops and livestock products","384","Côte d'Ivoire","5622","Import value","02151","Chickens","2020","2020","1000 USD","4185","A","Official figure",""
"TCL","Crops and livestock products","191","Croatia","5609","Import quantity","02151","Chickens","2020","2020","1000 An","8262","A","Official figure",""
"TCL","Crops and livestock products","191","Croatia","5622","Import value","02151","Chickens","2020","2020","1000 USD","6588","A","Official figure",""
"TCL","Crops and livestock products","191","Croatia","5909","Export quantity","02151","Chickens","2020","2020","1000 An","13110","A","Official figure",""
"TCL","Crops and livestock products","191","Croatia","5922","Export value","02151","Chickens","2020","2020","1000 USD","9349","A","Official figure",""
"TCL","Crops and livestock products","196","Cyprus","5609","Import quantity","02151","Chickens","2020","2020","1000 An","418","A","Official figure",""
"TCL","Crops and livestock products","196","Cyprus","5622","Import value","02151","Chickens","2020","2020","1000 USD","900","A","Official figure",""
"TCL","Crops and livestock products","203","Czechia","5609","Import quantity","02151","Chickens","2020","2020","1000 An","7349","A","Official figure",""
"TCL","Crops and livestock products","203","Czechia","5622","Import value","02151","Chickens","2020","2020","1000 USD","20235","A","Official figure",""
"TCL","Crops and livestock products","203","Czechia","5909","Export quantity","02151","Chickens","2020","2020","1000 An","96529","A","Official figure",""
"TCL","Crops and livestock products","203","Czechia","5922","Export value","02151","Chickens","2020","2020","1000 USD","53939","A","Official figure",""
"TCL","Crops and livestock products","180","Democratic Republic of the Congo","5609","Import quantity","02151","Chickens","2020","2020","1000 An","41","A","Official figure",""
"TCL","Crops and livestock products","180","Democratic Republic of the Congo","5622","Import value","02151","Chickens","2020","2020","1000 USD","422","A","Official figure",""
"TCL","Crops and livestock products","208","Denmark","5609","Import quantity","02151","Chickens","2020","2020","1000 An","1881","A","Official figure",""
"TCL","Crops and livestock products","208","Denmark","5622","Import value","02151","Chickens","2020","2020","1000 USD","9758","A","Official figure",""
"TCL","Crops and livestock products","208","Denmark","5909","Export quantity","02151","Chickens","2020","2020","1000 An","61051","A","Official figure",""
"TCL","Crops and livestock products","208","Denmark","5922","Export value","02151","Chickens","2020","2020","1000 USD","87570","A","Official figure",""
"TCL","Crops and livestock products","212","Dominica","5609","Import quantity","02151","Chickens","2020","2020","1000 An","23","A","Official figure",""
"TCL","Crops and livestock products","212","Dominica","5622","Import value","02151","Chickens","2020","2020","1000 USD","95","A","Official figure",""
"TCL","Crops and livestock products","214","Dominican Republic","5609","Import quantity","02151","Chickens","2020","2020","1000 An","1994","I","Imputed value",""
"TCL","Crops and livestock products","214","Dominican Republic","5622","Import value","02151","Chickens","2020","2020","1000 USD","3476","A","Official figure",""
"TCL","Crops and livestock products","214","Dominican Republic","5909","Export quantity","02151","Chickens","2020","2020","1000 An","711","A","Official figure",""
"TCL","Crops and livestock products","214","Dominican Republic","5922","Export value","02151","Chickens","2020","2020","1000 USD","2395","A","Official figure",""
"TCL","Crops and livestock products","218","Ecuador","5609","Import quantity","02151","Chickens","2020","2020","1000 An","2429","A","Official figure",""
"TCL","Crops and livestock products","218","Ecuador","5622","Import value","02151","Chickens","2020","2020","1000 USD","17546","A","Official figure",""
"TCL","Crops and livestock products","818","Egypt","5609","Import quantity","02151","Chickens","2020","2020","1000 An","2303","I","Imputed value",""
"TCL","Crops and livestock products","818","Egypt","5622","Import value","02151","Chickens","2020","2020","1000 USD","18279","A","Official figure",""
"TCL","Crops and livestock products","818","Egypt","5909","Export quantity","02151","Chickens","2020","2020","1000 An","2","I","Imputed value",""
"TCL","Crops and livestock products","818","Egypt","5922","Export value","02151","Chickens","2020","2020","1000 USD","1","A","Official figure",""
"TCL","Crops and livestock products","222","El Salvador","5609","Import quantity","02151","Chickens","2020","2020","1000 An","6102","A","Official figure",""
"TCL","Crops and livestock products","222","El Salvador","5622","Import value","02151","Chickens","2020","2020","1000 USD","8120","A","Official figure",""
"TCL","Crops and livestock products","222","El Salvador","5909","Export quantity","02151","Chickens","2020","2020","1000 An","12323","A","Official figure",""
"TCL","Crops and livestock products","222","El Salvador","5922","Export value","02151","Chickens","2020","2020","1000 USD","7460","A","Official figure",""
"TCL","Crops and livestock products","232","Eritrea","5609","Import quantity","02151","Chickens","2020","2020","1000 An","81","X","Figure from international organizations","Estimated data using trading partners database"
"TCL","Crops and livestock products","232","Eritrea","5622","Import value","02151","Chickens","2020","2020","1000 USD","254","X","Figure from international organizations","Estimated data using trading partners database"
"TCL","Crops and livestock products","233","Estonia","5609","Import quantity","02151","Chickens","2020","2020","1000 An","13190","A","Official figure",""
"TCL","Crops and livestock products","233","Estonia","5622","Import value","02151","Chickens","2020","2020","1000 USD","5671","A","Official figure",""
"TCL","Crops and livestock products","233","Estonia","5909","Export quantity","02151","Chickens","2020","2020","1000 An","156","A","Official figure",""
"TCL","Crops and livestock products","233","Estonia","5922","Export value","02151","Chickens","2020","2020","1000 USD","42","A","Official figure",""
"TCL","Crops and livestock products","748","Eswatini","5609","Import quantity","02151","Chickens","2020","2020","1000 An","621","A","Official figure",""
"TCL","Crops and livestock products","748","Eswatini","5622","Import value","02151","Chickens","2020","2020","1000 USD","676","A","Official figure",""
"TCL","Crops and livestock products","748","Eswatini","5909","Export quantity","02151","Chickens","2020","2020","1000 An","1011","A","Official figure",""
"TCL","Crops and livestock products","748","Eswatini","5922","Export value","02151","Chickens","2020","2020","1000 USD","694","A","Official figure",""
"TCL","Crops and livestock products","231","Ethiopia","5609","Import quantity","02151","Chickens","2020","2020","1000 An","3","A","Official figure",""
"TCL","Crops and livestock products","231","Ethiopia","5622","Import value","02151","Chickens","2020","2020","1000 USD","1555","A","Official figure",""
"TCL","Crops and livestock products","234","Faroe Islands","5609","Import quantity","02151","Chickens","2020","2020","1000 An","2","X","Figure from international organizations","Estimated data using trading partners database"
"TCL","Crops and livestock products","234","Faroe Islands","5622","Import value","02151","Chickens","2020","2020","1000 USD","18","X","Figure from international organizations","Estimated data using trading partners database"
"TCL","Crops and livestock products","242","Fiji","5609","Import quantity","02151","Chickens","2020","2020","1000 An","460","A","Official figure",""
"TCL","Crops and livestock products","242","Fiji","5622","Import value","02151","Chickens","2020","2020","1000 USD","1741","A","Official figure",""
"TCL","Crops and livestock products","246","Finland","5609","Import quantity","02151","Chickens","2020","2020","1000 An","631","A","Official figure",""
"TCL","Crops and livestock products","246","Finland","5622","Import value","02151","Chickens","2020","2020","1000 USD","2617","A","Official figure",""
"TCL","Crops and livestock products","246","Finland","5909","Export quantity","02151","Chickens","2020","2020","1000 An","14081","A","Official figure",""
"TCL","Crops and livestock products","246","Finland","5922","Export value","02151","Chickens","2020","2020","1000 USD","5590","A","Official figure",""
"TCL","Crops and livestock products","250","France","5609","Import quantity","02151","Chickens","2020","2020","1000 An","21003","A","Official figure",""
"TCL","Crops and livestock products","250","France","5622","Import value","02151","Chickens","2020","2020","1000 USD","35067","A","Official figure",""
"TCL","Crops and livestock products","250","France","5909","Export quantity","02151","Chickens","2020","2020","1000 An","97918","A","Official figure",""
"TCL","Crops and livestock products","250","France","5922","Export value","02151","Chickens","2020","2020","1000 USD","186102","A","Official figure",""
"TCL","Crops and livestock products","258","French Polynesia","5609","Import quantity","02151","Chickens","2020","2020","1000 An","10","A","Official figure",""
"TCL","Crops and livestock products","258","French Polynesia","5622","Import value","02151","Chickens","2020","2020","1000 USD","550","A","Official figure",""
"TCL","Crops and livestock products","266","Gabon","5609","Import quantity","02151","Chickens","2020","2020","1000 An","1","A","Official figure",""
"TCL","Crops and livestock products","266","Gabon","5622","Import value","02151","Chickens","2020","2020","1000 USD","97","A","Official figure",""
"TCL","Crops and livestock products","266","Gabon","5909","Export quantity","02151","Chickens","2020","2020","1000 An","0","A","Official figure",""
"TCL","Crops and livestock products","266","Gabon","5922","Export value","02151","Chickens","2020","2020","1000 USD","0","A","Official figure",""
"TCL","Crops and livestock products","270","Gambia","5609","Import quantity","02151","Chickens","2020","2020","1000 An","5","A","Official figure",""
"TCL","Crops and livestock products","270","Gambia","5622","Import value","02151","Chickens","2020","2020","1000 USD","0","A","Official figure",""
"TCL","Crops and livestock products","268","Georgia","5609","Import quantity","02151","Chickens","2020","2020","1000 An","588","I","Imputed value",""
"TCL","Crops and livestock products","268","Georgia","5622","Import value","02151","Chickens","2020","2020","1000 USD","4151","A","Official figure",""
"TCL","Crops and livestock products","268","Georgia","5909","Export quantity","02151","Chickens","2020","2020","1000 An","315","A","Official figure",""
"TCL","Crops and livestock products","268","Georgia","5922","Export value","02151","Chickens","2020","2020","1000 USD","2308","A","Official figure",""
"TCL","Crops and livestock products","276","Germany","5609","Import quantity","02151","Chickens","2020","2020","1000 An","148774","A","Official figure",""
"TCL","Crops and livestock products","276","Germany","5622","Import value","02151","Chickens","2020","2020","1000 USD","167632","A","Official figure",""
"TCL","Crops and livestock products","276","Germany","5909","Export quantity","02151","Chickens","2020","2020","1000 An","256019","A","Official figure",""
"TCL","Crops and livestock products","276","Germany","5922","Export value","02151","Chickens","2020","2020","1000 USD","504633","A","Official figure",""
"TCL","Crops and livestock products","288","Ghana","5609","Import quantity","02151","Chickens","2020","2020","1000 An","11288","X","Figure from international organizations","Estimated data using trading partners database"
"TCL","Crops and livestock products","288","Ghana","5622","Import value","02151","Chickens","2020","2020","1000 USD","13669","X","Figure from international organizations","Estimated data using trading partners database"
"TCL","Crops and livestock products","288","Ghana","5909","Export quantity","02151","Chickens","2020","2020","1000 An","222","X","Figure from international organizations","Estimated data using trading partners database"
"TCL","Crops and livestock products","288","Ghana","5922","Export value","02151","Chickens","2020","2020","1000 USD","1","X","Figure from international organizations","Estimated data using trading partners database"
"TCL","Crops and livestock products","300","Greece","5609","Import quantity","02151","Chickens","2020","2020","1000 An","7176","A","Official figure",""
"TCL","Crops and livestock products","300","Greece","5622","Import value","02151","Chickens","2020","2020","1000 USD","8138","A","Official figure",""
"TCL","Crops and livestock products","300","Greece","5909","Export quantity","02151","Chickens","2020","2020","1000 An","3650","A","Official figure",""
"TCL","Crops and livestock products","300","Greece","5922","Export value","02151","Chickens","2020","2020","1000 USD","3959","A","Official figure",""
"TCL","Crops and livestock products","308","Grenada","5609","Import quantity","02151","Chickens","2020","2020","1000 An","18","A","Official figure",""
"TCL","Crops and livestock products","308","Grenada","5622","Import value","02151","Chickens","2020","2020","1000 USD","662","A","Official figure",""
"TCL","Crops and livestock products","320","Guatemala","5609","Import quantity","02151","Chickens","2020","2020","1000 An","12062","A","Official figure",""
"TCL","Crops and livestock products","320","Guatemala","5622","Import value","02151","Chickens","2020","2020","1000 USD","19182","A","Official figure",""
"TCL","Crops and livestock products","320","Guatemala","5909","Export quantity","02151","Chickens","2020","2020","1000 An","4305","A","Official figure",""
"TCL","Crops and livestock products","320","Guatemala","5922","Export value","02151","Chickens","2020","2020","1000 USD","2230","A","Official figure",""
"TCL","Crops and livestock products","324","Guinea","5609","Import quantity","02151","Chickens","2020","2020","1000 An","1159","X","Figure from international organizations","Estimated data using trading partners database"
"TCL","Crops and livestock products","324","Guinea","5622","Import value","02151","Chickens","2020","2020","1000 USD","1467","X","Figure from international organizations","Estimated data using trading partners database"
"TCL","Crops and livestock products","324","Guinea","5909","Export quantity","02151","Chickens","2020","2020","1000 An","0","X","Figure from international organizations","Estimated data using trading partners database"
"TCL","Crops and livestock products","324","Guinea","5922","Export value","02151","Chickens","2020","2020","1000 USD","2","X","Figure from international organizations","Estimated data using trading partners database"
"TCL","Crops and livestock products","624","Guinea-Bissau","5609","Import quantity","02151","Chickens","2020","2020","1000 An","5","X","Figure from international organizations","Estimated data using trading partners database"
"TCL","Crops and livestock products","624","Guinea-Bissau","5622","Import value","02151","Chickens","2020","2020","1000 USD","3","X","Figure from international organizations","Estimated data using trading partners database"
"TCL","Crops and livestock products","328","Guyana","5609","Import quantity","02151","Chickens","2020","2020","1000 An","87","A","Official figure",""
"TCL","Crops and livestock products","328","Guyana","5622","Import value","02151","Chickens","2020","2020","1000 USD","104","A","Official figure",""
"TCL","Crops and livestock products","332","Haiti","5609","Import quantity","02151","Chickens","2020","2020","1000 An","1199","X","Figure from international organizations","Estimated data using trading partners database"
"TCL","Crops and livestock products","332","Haiti","5622","Import value","02151","Chickens","2020","2020","1000 USD","3100","X","Figure from international organizations","Estimated data using trading partners database"
"TCL","Crops and livestock products","340","Honduras","5609","Import quantity","02151","Chickens","2020","2020","1000 An","2100","A","Official figure",""
"TCL","Crops and livestock products","340","Honduras","5622","Import value","02151","Chickens","2020","2020","1000 USD","7435","A","Official figure",""
"TCL","Crops and livestock products","340","Honduras","5909","Export quantity","02151","Chickens","2020","2020","1000 An","360","A","Official figure",""
"TCL","Crops and livestock products","340","Honduras","5922","Export value","02151","Chickens","2020","2020","1000 USD","199","A","Official figure",""
"TCL","Crops and livestock products","348","Hungary","5609","Import quantity","02151","Chickens","2020","2020","1000 An","24734","A","Official figure",""
"TCL","Crops and livestock products","348","Hungary","5622","Import value","02151","Chickens","2020","2020","1000 USD","60000","A","Official figure",""
"TCL","Crops and livestock products","348","Hungary","5909","Export quantity","02151","Chickens","2020","2020","1000 An","116879","A","Official figure",""
"TCL","Crops and livestock products","348","Hungary","5922","Export value","02151","Chickens","2020","2020","1000 USD","106232","A","Official figure",""
"TCL","Crops and livestock products","352","Iceland","5609","Import quantity","02151","Chickens","2020","2020","1000 An","0","A","Official figure",""
"TCL","Crops and livestock products","352","Iceland","5622","Import value","02151","Chickens","2020","2020","1000 USD","148","A","Official figure",""
"TCL","Crops and livestock products","356","India","5609","Import quantity","02151","Chickens","2020","2020","1000 An","63","A","Official figure",""
"TCL","Crops and livestock products","356","India","5622","Import value","02151","Chickens","2020","2020","1000 USD","2964","A","Official figure",""
"TCL","Crops and livestock products","356","India","5909","Export quantity","02151","Chickens","2020","2020","1000 An","158","A","Official figure",""
"TCL","Crops and livestock products","356","India","5922","Export value","02151","Chickens","2020","2020","1000 USD","224","A","Official figure",""
"TCL","Crops and livestock products","360","Indonesia","5609","Import quantity","02151","Chickens","2020","2020","1000 An","1118","A","Official figure",""
"TCL","Crops and livestock products","360","Indonesia","5622","Import value","02151","Chickens","2020","2020","1000 USD","31843","A","Official figure",""
"TCL","Crops and livestock products","360","Indonesia","5909","Export quantity","02151","Chickens","2020","2020","1000 An","372","A","Official figure",""
"TCL","Crops and livestock products","360","Indonesia","5922","Export value","02151","Chickens","2020","2020","1000 USD","286","A","Official figure",""
"TCL","Crops and livestock products","364","Iran (Islamic Republic of)","5609","Import quantity","02151","Chickens","2020","2020","1000 An","193","A","Official figure",""
"TCL","Crops and livestock products","364","Iran (Islamic Republic of)","5622","Import value","02151","Chickens","2020","2020","1000 USD","4175","A","Official figure",""
"TCL","Crops and livestock products","364","Iran (Islamic Republic of)","5909","Export quantity","02151","Chickens","2020","2020","1000 An","18882","A","Official figure",""
"TCL","Crops and livestock products","364","Iran (Islamic Republic of)","5922","Export value","02151","Chickens","2020","2020","1000 USD","4424","A","Official figure",""
"TCL","Crops and livestock products","368","Iraq","5609","Import quantity","02151","Chickens","2020","2020","1000 An","3817","X","Figure from international organizations","Estimated data using trading partners database"
"TCL","Crops and livestock products","368","Iraq","5622","Import value","02151","Chickens","2020","2020","1000 USD","12491","X","Figure from international organizations","Estimated data using trading partners database"
"TCL","Crops and livestock products","372","Ireland","5609","Import quantity","02151","Chickens","2020","2020","1000 An","7030","A","Official figure",""
"TCL","Crops and livestock products","372","Ireland","5622","Import value","02151","Chickens","2020","2020","1000 USD","8750","A","Official figure",""
"TCL","Crops and livestock products","372","Ireland","5909","Export quantity","02151","Chickens","2020","2020","1000 An","3343","A","Official figure",""
"TCL","Crops and livestock products","372","Ireland","5922","Export value","02151","Chickens","2020","2020","1000 USD","3828","A","Official figure",""
"TCL","Crops and livestock products","376","Israel","5609","Import quantity","02151","Chickens","2020","2020","1000 An","724","I","Imputed value",""
"TCL","Crops and livestock products","376","Israel","5622","Import value","02151","Chickens","2020","2020","1000 USD","6045","A","Official figure",""
"TCL","Crops and livestock products","380","Italy","5609","Import quantity","02151","Chickens","2020","2020","1000 An","6577","A","Official figure",""
"TCL","Crops and livestock products","380","Italy","5622","Import value","02151","Chickens","2020","2020","1000 USD","16375","A","Official figure",""
"TCL","Crops and livestock products","380","Italy","5909","Export quantity","02151","Chickens","2020","2020","1000 An","15413","A","Official figure",""
"TCL","Crops and livestock products","380","Italy","5922","Export value","02151","Chickens","2020","2020","1000 USD","8380","A","Official figure",""
"TCL","Crops and livestock products","388","Jamaica","5609","Import quantity","02151","Chickens","2020","2020","1000 An","520","A","Official figure",""
"TCL","Crops and livestock products","388","Jamaica","5622","Import value","02151","Chickens","2020","2020","1000 USD","1512","A","Official figure",""
"TCL","Crops and livestock products","392","Japan","5609","Import quantity","02151","Chickens","2020","2020","1000 An","338","A","Official figure",""
"TCL","Crops and livestock products","392","Japan","5622","Import value","02151","Chickens","2020","2020","1000 USD","6446","A","Official figure",""
"TCL","Crops and livestock products","400","Jordan","5609","Import quantity","02151","Chickens","2020","2020","1000 An","153","I","Imputed value",""
"TCL","Crops and livestock products","400","Jordan","5622","Import value","02151","Chickens","2020","2020","1000 USD","12715","A","Official figure",""
"TCL","Crops and livestock products","400","Jordan","5909","Export quantity","02151","Chickens","2020","2020","1000 An","26","I","Imputed value",""
"TCL","Crops and livestock products","400","Jordan","5922","Export value","02151","Chickens","2020","2020","1000 USD","1054","A","Official figure",""
"TCL","Crops and livestock products","398","Kazakhstan","5609","Import quantity","02151","Chickens","2020","2020","1000 An","398","A","Official figure",""
"TCL","Crops and livestock products","398","Kazakhstan","5622","Import value","02151","Chickens","2020","2020","1000 USD","10953","A","Official figure",""
"TCL","Crops and livestock products","398","Kazakhstan","5909","Export quantity","02151","Chickens","2020","2020","1000 An","17","A","Official figure",""
"TCL","Crops and livestock products","398","Kazakhstan","5922","Export value","02151","Chickens","2020","2020","1000 USD","371","A","Official figure",""
"TCL","Crops and livestock products","404","Kenya","5609","Import quantity","02151","Chickens","2020","2020","1000 An","42","A","Official figure",""
"TCL","Crops and livestock products","404","Kenya","5622","Import value","02151","Chickens","2020","2020","1000 USD","1446","A","Official figure",""
"TCL","Crops and livestock products","404","Kenya","5909","Export quantity","02151","Chickens","2020","2020","1000 An","2","A","Official figure",""
"TCL","Crops and livestock products","404","Kenya","5922","Export value","02151","Chickens","2020","2020","1000 USD","135","A","Official figure",""
"TCL","Crops and livestock products","414","Kuwait","5609","Import quantity","02151","Chickens","2020","2020","1000 An","154","A","Official figure",""
"TCL","Crops and livestock products","414","Kuwait","5622","Import value","02151","Chickens","2020","2020","1000 USD","7664","A","Official figure",""
"TCL","Crops and livestock products","414","Kuwait","5909","Export quantity","02151","Chickens","2020","2020","1000 An","2","A","Official figure",""
"TCL","Crops and livestock products","414","Kuwait","5922","Export value","02151","Chickens","2020","2020","1000 USD","18","A","Official figure",""
"TCL","Crops and livestock products","417","Kyrgyzstan","5609","Import quantity","02151","Chickens","2020","2020","1000 An","3","A","Official figure",""
"TCL","Crops and livestock products","417","Kyrgyzstan","5622","Import value","02151","Chickens","2020","2020","1000 USD","120","A","Official figure",""
"TCL","Crops and livestock products","417","Kyrgyzstan","5909","Export quantity","02151","Chickens","2020","2020","1000 An","0","A","Official figure",""
"TCL","Crops and livestock products","417","Kyrgyzstan","5922","Export value","02151","Chickens","2020","2020","1000 USD","0","A","Official figure",""
"TCL","Crops and livestock products","418","Lao People's Democratic Republic","5609","Import quantity","02151","Chickens","2020","2020","1000 An","5483","A","Official figure",""
"TCL","Crops and livestock products","418","Lao People's Democratic Republic","5622","Import value","02151","Chickens","2020","2020","1000 USD","4372","A","Official figure",""
"TCL","Crops and livestock products","418","Lao People's Democratic Republic","5909","Export quantity","02151","Chickens","2020","2020","1000 An","1082","A","Official figure",""
"TCL","Crops and livestock products","418","Lao People's Democratic Republic","5922","Export value","02151","Chickens","2020","2020","1000 USD","2350","A","Official figure",""
"TCL","Crops and livestock products","428","Latvia","5609","Import quantity","02151","Chickens","2020","2020","1000 An","2171","A","Official figure",""
"TCL","Crops and livestock products","428","Latvia","5622","Import value","02151","Chickens","2020","2020","1000 USD","2936","A","Official figure",""
"TCL","Crops and livestock products","428","Latvia","5909","Export quantity","02151","Chickens","2020","2020","1000 An","2014","A","Official figure",""
"TCL","Crops and livestock products","428","Latvia","5922","Export value","02151","Chickens","2020","2020","1000 USD","1356","A","Official figure",""
"TCL","Crops and livestock products","422","Lebanon","5609","Import quantity","02151","Chickens","2020","2020","1000 An","661","A","Official figure",""
"TCL","Crops and livestock products","422","Lebanon","5622","Import value","02151","Chickens","2020","2020","1000 USD","4326","A","Official figure",""
"TCL","Crops and livestock products","426","Lesotho","5609","Import quantity","02151","Chickens","2020","2020","1000 An","1882","A","Official figure",""
"TCL","Crops and livestock products","426","Lesotho","5622","Import value","02151","Chickens","2020","2020","1000 USD","2397","A","Official figure",""
"TCL","Crops and livestock products","430","Liberia","5609","Import quantity","02151","Chickens","2020","2020","1000 An","33","A","Official figure",""
"TCL","Crops and livestock products","430","Liberia","5622","Import value","02151","Chickens","2020","2020","1000 USD","8","A","Official figure",""
"TCL","Crops and livestock products","434","Libya","5609","Import quantity","02151","Chickens","2020","2020","1000 An","0","X","Figure from international organizations","Estimated data using trading partners database"
"TCL","Crops and livestock products","434","Libya","5622","Import value","02151","Chickens","2020","2020","1000 USD","0","X","Figure from international organizations","Estimated data using trading partners database"
"TCL","Crops and livestock products","440","Lithuania","5609","Import quantity","02151","Chickens","2020","2020","1000 An","3585","A","Official figure",""
"TCL","Crops and livestock products","440","Lithuania","5622","Import value","02151","Chickens","2020","2020","1000 USD","5977","A","Official figure",""
"TCL","Crops and livestock products","440","Lithuania","5909","Export quantity","02151","Chickens","2020","2020","1000 An","1877","A","Official figure",""
"TCL","Crops and livestock products","440","Lithuania","5922","Export value","02151","Chickens","2020","2020","1000 USD","1540","A","Official figure",""
"TCL","Crops and livestock products","442","Luxembourg","5609","Import quantity","02151","Chickens","2020","2020","1000 An","76","A","Official figure",""
"TCL","Crops and livestock products","442","Luxembourg","5622","Import value","02151","Chickens","2020","2020","1000 USD","411","A","Official figure",""
"TCL","Crops and livestock products","442","Luxembourg","5909","Export quantity","02151","Chickens","2020","2020","1000 An","112","A","Official figure",""
"TCL","Crops and livestock products","442","Luxembourg","5922","Export value","02151","Chickens","2020","2020","1000 USD","317","A","Official figure",""
"TCL","Crops and livestock products","450","Madagascar","5609","Import quantity","02151","Chickens","2020","2020","1000 An","284","A","Official figure",""
"TCL","Crops and livestock products","450","Madagascar","5622","Import value","02151","Chickens","2020","2020","1000 USD","847","A","Official figure",""
"TCL","Crops and livestock products","454","Malawi","5609","Import quantity","02151","Chickens","2020","2020","1000 An","22","A","Official figure",""
"TCL","Crops and livestock products","454","Malawi","5622","Import value","02151","Chickens","2020","2020","1000 USD","1891","A","Official figure",""
"TCL","Crops and livestock products","454","Malawi","5909","Export quantity","02151","Chickens","2020","2020","1000 An","196","A","Official figure",""
"TCL","Crops and livestock products","454","Malawi","5922","Export value","02151","Chickens","2020","2020","1000 USD","628","A","Official figure",""
"TCL","Crops and livestock products","458","Malaysia","5609","Import quantity","02151","Chickens","2020","2020","1000 An","1647","A","Official figure",""
"TCL","Crops and livestock products","458","Malaysia","5622","Import value","02151","Chickens","2020","2020","1000 USD","16613","A","Official figure",""
"TCL","Crops and livestock products","458","Malaysia","5909","Export quantity","02151","Chickens","2020","2020","1000 An","56491","A","Official figure",""
"TCL","Crops and livestock products","458","Malaysia","5922","Export value","02151","Chickens","2020","2020","1000 USD","153489","A","Official figure",""
"TCL","Crops and livestock products","462","Maldives","5609","Import quantity","02151","Chickens","2020","2020","1000 An","11","A","Official figure",""
"TCL","Crops and livestock products","462","Maldives","5622","Import value","02151","Chickens","2020","2020","1000 USD","72","A","Official figure",""
"TCL","Crops and livestock products","466","Mali","5609","Import quantity","02151","Chickens","2020","2020","1000 An","2262","X","Figure from international organizations","Estimated data using trading partners database"
"TCL","Crops and livestock products","466","Mali","5622","Import value","02151","Chickens","2020","2020","1000 USD","2283","X","Figure from international organizations","Estimated data using trading partners database"
"TCL","Crops and livestock products","478","Mauritania","5609","Import quantity","02151","Chickens","2020","2020","1000 An","15","A","Official figure",""
"TCL","Crops and livestock products","478","Mauritania","5622","Import value","02151","Chickens","2020","2020","1000 USD","2","A","Official figure",""
"TCL","Crops and livestock products","480","Mauritius","5609","Import quantity","02151","Chickens","2020","2020","1000 An","201","I","Imputed value",""
"TCL","Crops and livestock products","480","Mauritius","5622","Import value","02151","Chickens","2020","2020","1000 USD","987","A","Official figure",""
"TCL","Crops and livestock products","480","Mauritius","5909","Export quantity","02151","Chickens","2020","2020","1000 An","122","I","Imputed value",""
"TCL","Crops and livestock products","480","Mauritius","5922","Export value","02151","Chickens","2020","2020","1000 USD","193","A","Official figure",""
"TCL","Crops and livestock products","484","Mexico","5609","Import quantity","02151","Chickens","2020","2020","1000 An","930","I","Imputed value",""
"TCL","Crops and livestock products","484","Mexico","5622","Import value","02151","Chickens","2020","2020","1000 USD","12929","A","Official figure",""
"TCL","Crops and livestock products","499","Montenegro","5609","Import quantity","02151","Chickens","2020","2020","1000 An","166","A","Official figure",""
"TCL","Crops and livestock products","499","Montenegro","5622","Import value","02151","Chickens","2020","2020","1000 USD","1226","A","Official figure",""
"TCL","Crops and livestock products","499","Montenegro","5909","Export quantity","02151","Chickens","2020","2020","1000 An","202","A","Official figure",""
"TCL","Crops and livestock products","499","Montenegro","5922","Export value","02151","Chickens","2020","2020","1000 USD","80","A","Official figure",""
"TCL","Crops and livestock products","504","Morocco","5609","Import quantity","02151","Chickens","2020","2020","1000 An","4893","I","Imputed value",""
"TCL","Crops and livestock products","504","Morocco","5622","Import value","02151","Chickens","2020","2020","1000 USD","20950","A","Official figure",""
"TCL","Crops and livestock products","504","Morocco","5909","Export quantity","02151","Chickens","2020","2020","1000 An","21","A","Official figure",""
"TCL","Crops and livestock products","504","Morocco","5922","Export value","02151","Chickens","2020","2020","1000 USD","429","A","Official figure",""
"TCL","Crops and livestock products","508","Mozambique","5609","Import quantity","02151","Chickens","2020","2020","1000 An","1404","A","Official figure",""
"TCL","Crops and livestock products","508","Mozambique","5622","Import value","02151","Chickens","2020","2020","1000 USD","4148","A","Official figure",""
"TCL","Crops and livestock products","104","Myanmar","5609","Import quantity","02151","Chickens","2020","2020","1000 An","8508","A","Official figure",""
"TCL","Crops and livestock products","104","Myanmar","5622","Import value","02151","Chickens","2020","2020","1000 USD","5604","A","Official figure",""
"TCL","Crops and livestock products","104","Myanmar","5909","Export quantity","02151","Chickens","2020","2020","1000 An","18","A","Official figure",""
"TCL","Crops and livestock products","104","Myanmar","5922","Export value","02151","Chickens","2020","2020","1000 USD","43","A","Official figure",""
"TCL","Crops and livestock products","516","Namibia","5609","Import quantity","02151","Chickens","2020","2020","1000 An","3926","A","Official figure",""
"TCL","Crops and livestock products","516","Namibia","5622","Import value","02151","Chickens","2020","2020","1000 USD","1307","A","Official figure",""
"TCL","Crops and livestock products","516","Namibia","5909","Export quantity","02151","Chickens","2020","2020","1000 An","2","A","Official figure",""
"TCL","Crops and livestock products","516","Namibia","5922","Export value","02151","Chickens","2020","2020","1000 USD","1","A","Official figure",""
"TCL","Crops and livestock products","524","Nepal","5609","Import quantity","02151","Chickens","2020","2020","1000 An","752","A","Official figure",""
"TCL","Crops and livestock products","524","Nepal","5622","Import value","02151","Chickens","2020","2020","1000 USD","6952","A","Official figure",""
"TCL","Crops and livestock products","528","Netherlands (Kingdom of the)","5609","Import quantity","02151","Chickens","2020","2020","1000 An","410911","A","Official figure",""
"TCL","Crops and livestock products","528","Netherlands (Kingdom of the)","5622","Import value","02151","Chickens","2020","2020","1000 USD","685167","A","Official figure",""
"TCL","Crops and livestock products","528","Netherlands (Kingdom of the)","5909","Export quantity","02151","Chickens","2020","2020","1000 An","269877","A","Official figure",""
"TCL","Crops and livestock products","528","Netherlands (Kingdom of the)","5922","Export value","02151","Chickens","2020","2020","1000 USD","313790","A","Official figure",""
"TCL","Crops and livestock products","540","New Caledonia","5609","Import quantity","02151","Chickens","2020","2020","1000 An","5","X","Figure from international organizations","Estimated data using trading partners database"
"TCL","Crops and livestock products","540","New Caledonia","5622","Import value","02151","Chickens","2020","2020","1000 USD","30","X","Figure from international organizations","Estimated data using trading partners database"
"TCL","Crops and livestock products","554","New Zealand","5909","Export quantity","02151","Chickens","2020","2020","1000 An","2227","A","Official figure",""
"TCL","Crops and livestock products","554","New Zealand","5922","Export value","02151","Chickens","2020","2020","1000 USD","31927","A","Official figure",""
"TCL","Crops and livestock products","558","Nicaragua","5609","Import quantity","02151","Chickens","2020","2020","1000 An","10706","A","Official figure",""
"TCL","Crops and livestock products","558","Nicaragua","5622","Import value","02151","Chickens","2020","2020","1000 USD","9729","A","Official figure",""
"TCL","Crops and livestock products","562","Niger","5609","Import quantity","02151","Chickens","2020","2020","1000 An","53","A","Official figure",""
"TCL","Crops and livestock products","562","Niger","5622","Import value","02151","Chickens","2020","2020","1000 USD","46","A","Official figure",""
"TCL","Crops and livestock products","566","Nigeria","5609","Import quantity","02151","Chickens","2020","2020","1000 An","57","X","Figure from international organizations","Estimated data using trading partners database"
"TCL","Crops and livestock products","566","Nigeria","5622","Import value","02151","Chickens","2020","2020","1000 USD","1224","X","Figure from international organizations","Estimated data using trading partners database"
"TCL","Crops and livestock products","566","Nigeria","5909","Export quantity","02151","Chickens","2020","2020","1000 An","2","X","Figure from international organizations","Estimated data using trading partners database"
"TCL","Crops and livestock products","566","Nigeria","5922","Export value","02151","Chickens","2020","2020","1000 USD","0","X","Figure from international organizations","Estimated data using trading partners database"
"TCL","Crops and livestock products","570","Niue","5609","Import quantity","02151","Chickens","2020","2020","1000 An","0","X","Figure from international organizations","Estimated data using trading partners database"
"TCL","Crops and livestock products","570","Niue","5622","Import value","02151","Chickens","2020","2020","1000 USD","2","X","Figure from international organizations","Estimated data using trading partners database"
"TCL","Crops and livestock products","807","North Macedonia","5609","Import quantity","02151","Chickens","2020","2020","1000 An","244","A","Official figure",""
"TCL","Crops and livestock products","807","North Macedonia","5622","Import value","02151","Chickens","2020","2020","1000 USD","1552","A","Official figure",""
"TCL","Crops and livestock products","578","Norway","5609","Import quantity","02151","Chickens","2020","2020","1000 An","0","A","Official figure",""
"TCL","Crops and livestock products","578","Norway","5622","Import value","02151","Chickens","2020","2020","1000 USD","334","A","Official figure",""
"TCL","Crops and livestock products","578","Norway","5909","Export quantity","02151","Chickens","2020","2020","1000 An","10","A","Official figure",""
"TCL","Crops and livestock products","578","Norway","5922","Export value","02151","Chickens","2020","2020","1000 USD","31","A","Official figure",""
"TCL","Crops and livestock products","512","Oman","5609","Import quantity","02151","Chickens","2020","2020","1000 An","84","A","Official figure",""
"TCL","Crops and livestock products","512","Oman","5622","Import value","02151","Chickens","2020","2020","1000 USD","2335","A","Official figure",""
"TCL","Crops and livestock products","512","Oman","5909","Export quantity","02151","Chickens","2020","2020","1000 An","3","A","Official figure",""
"TCL","Crops and livestock products","512","Oman","5922","Export value","02151","Chickens","2020","2020","1000 USD","2","A","Official figure",""
"TCL","Crops and livestock products","586","Pakistan","5609","Import quantity","02151","Chickens","2020","2020","1000 An","418","A","Official figure",""
"TCL","Crops and livestock products","586","Pakistan","5622","Import value","02151","Chickens","2020","2020","1000 USD","7418","A","Official figure",""
"TCL","Crops and livestock products","586","Pakistan","5909","Export quantity","02151","Chickens","2020","2020","1000 An","29592","A","Official figure",""
"TCL","Crops and livestock products","586","Pakistan","5922","Export value","02151","Chickens","2020","2020","1000 USD","8626","A","Official figure",""
"TCL","Crops and livestock products","275","Palestine","5609","Import quantity","02151","Chickens","2020","2020","1000 An","821","I","Imputed value",""
"TCL","Crops and livestock products","275","Palestine","5622","Import value","02151","Chickens","2020","2020","1000 USD","2649","A","Official figure",""
"TCL","Crops and livestock products","591","Panama","5609","Import quantity","02151","Chickens","2020","2020","1000 An","1248","A","Official figure",""
"TCL","Crops and livestock products","591","Panama","5622","Import value","02151","Chickens","2020","2020","1000 USD","7802","A","Official figure",""
"TCL","Crops and livestock products","591","Panama","5909","Export quantity","02151","Chickens","2020","2020","1000 An","502","A","Official figure",""
"TCL","Crops and livestock products","591","Panama","5922","Export value","02151","Chickens","2020","2020","1000 USD","41","A","Official figure",""
"TCL","Crops and livestock products","598","Papua New Guinea","5609","Import quantity","02151","Chickens","2020","2020","1000 An","166","I","Imputed value",""
"TCL","Crops and livestock products","598","Papua New Guinea","5622","Import value","02151","Chickens","2020","2020","1000 USD","1278","A","Official figure",""
"TCL","Crops and livestock products","600","Paraguay","5609","Import quantity","02151","Chickens","2020","2020","1000 An","15288","A","Official figure",""
"TCL","Crops and livestock products","600","Paraguay","5622","Import value","02151","Chickens","2020","2020","1000 USD","10107","A","Official figure",""
"TCL","Crops and livestock products","604","Peru","5609","Import quantity","02151","Chickens","2020","2020","1000 An","24","A","Official figure",""
"TCL","Crops and livestock products","604","Peru","5622","Import value","02151","Chickens","2020","2020","1000 USD","13307","A","Official figure",""
"TCL","Crops and livestock products","608","Philippines","5609","Import quantity","02151","Chickens","2020","2020","1000 An","48","A","Official figure",""
"TCL","Crops and livestock products","608","Philippines","5622","Import value","02151","Chickens","2020","2020","1000 USD","921","A","Official figure",""
"TCL","Crops and livestock products","608","Philippines","5909","Export quantity","02151","Chickens","2020","2020","1000 An","2","A","Official figure",""
"TCL","Crops and livestock products","608","Philippines","5922","Export value","02151","Chickens","2020","2020","1000 USD","88","A","Official figure",""
"TCL","Crops and livestock products","616","Poland","5609","Import quantity","02151","Chickens","2020","2020","1000 An","93128","A","Official figure",""
"TCL","Crops and livestock products","616","Poland","5622","Import value","02151","Chickens","2020","2020","1000 USD","96278","A","Official figure",""
"TCL","Crops and livestock products","616","Poland","5909","Export quantity","02151","Chickens","2020","2020","1000 An","69535","A","Official figure",""
"TCL","Crops and livestock products","616","Poland","5922","Export value","02151","Chickens","2020","2020","1000 USD","29691","A","Official figure",""
"TCL","Crops and livestock products","620","Portugal","5609","Import quantity","02151","Chickens","2020","2020","1000 An","14683","A","Official figure",""
"TCL","Crops and livestock products","620","Portugal","5622","Import value","02151","Chickens","2020","2020","1000 USD","23600","A","Official figure",""
"TCL","Crops and livestock products","620","Portugal","5909","Export quantity","02151","Chickens","2020","2020","1000 An","29082","A","Official figure",""
"TCL","Crops and livestock products","620","Portugal","5922","Export value","02151","Chickens","2020","2020","1000 USD","13997","A","Official figure",""
"TCL","Crops and livestock products","634","Qatar","5609","Import quantity","02151","Chickens","2020","2020","1000 An","735","A","Official figure",""
"TCL","Crops and livestock products","634","Qatar","5622","Import value","02151","Chickens","2020","2020","1000 USD","910","A","Official figure",""
"TCL","Crops and livestock products","410","Republic of Korea","5609","Import quantity","02151","Chickens","2020","2020","1000 An","730","A","Official figure",""
"TCL","Crops and livestock products","410","Republic of Korea","5622","Import value","02151","Chickens","2020","2020","1000 USD","10970","A","Official figure",""
"TCL","Crops and livestock products","410","Republic of Korea","5909","Export quantity","02151","Chickens","2020","2020","1000 An","4","A","Official figure",""
"TCL","Crops and livestock products","410","Republic of Korea","5922","Export value","02151","Chickens","2020","2020","1000 USD","27","A","Official figure",""
"TCL","Crops and livestock products","498","Republic of Moldova","5609","Import quantity","02151","Chickens","2020","2020","1000 An","3070","X","Figure from international organizations","Estimated data using trading partners database"
"TCL","Crops and livestock products","498","Republic of Moldova","5622","Import value","02151","Chickens","2020","2020","1000 USD","1580","A","Official figure",""
"TCL","Crops and livestock products","642","Romania","5609","Import quantity","02151","Chickens","2020","2020","1000 An","114665","A","Official figure",""
"TCL","Crops and livestock products","642","Romania","5622","Import value","02151","Chickens","2020","2020","1000 USD","60038","A","Official figure",""
"TCL","Crops and livestock products","642","Romania","5909","Export quantity","02151","Chickens","2020","2020","1000 An","17660","A","Official figure",""
"TCL","Crops and livestock products","642","Romania","5922","Export value","02151","Chickens","2020","2020","1000 USD","33607","A","Official figure",""
"TCL","Crops and livestock products","643","Russian Federation","5609","Import quantity","02151","Chickens","2020","2020","1000 An","3095","I","Imputed value",""
"TCL","Crops and livestock products","643","Russian Federation","5622","Import value","02151","Chickens","2020","2020","1000 USD","15626","A","Official figure",""
"TCL","Crops and livestock products","643","Russian Federation","5909","Export quantity","02151","Chickens","2020","2020","1000 An","441","A","Official figure",""
"TCL","Crops and livestock products","643","Russian Federation","5922","Export value","02151","Chickens","2020","2020","1000 USD","12049","A","Official figure",""
"TCL","Crops and livestock products","646","Rwanda","5609","Import quantity","02151","Chickens","2020","2020","1000 An","341","A","Official figure",""
"TCL","Crops and livestock products","646","Rwanda","5622","Import value","02151","Chickens","2020","2020","1000 USD","1001","A","Official figure",""
"TCL","Crops and livestock products","646","Rwanda","5909","Export quantity","02151","Chickens","2020","2020","1000 An","1118","A","Official figure",""
"TCL","Crops and livestock products","646","Rwanda","5922","Export value","02151","Chickens","2020","2020","1000 USD","487","A","Official figure",""
"TCL","Crops and livestock products","659","Saint Kitts and Nevis","5609","Import quantity","02151","Chickens","2020","2020","1000 An","18","X","Figure from international organizations","Estimated data using trading partners database"
"TCL","Crops and livestock products","659","Saint Kitts and Nevis","5622","Import value","02151","Chickens","2020","2020","1000 USD","49","X","Figure from international organizations","Estimated data using trading partners database"
"TCL","Crops and livestock products","662","Saint Lucia","5609","Import quantity","02151","Chickens","2020","2020","1000 An","57","A","Official figure",""
"TCL","Crops and livestock products","662","Saint Lucia","5622","Import value","02151","Chickens","2020","2020","1000 USD","61","A","Official figure",""
"TCL","Crops and livestock products","670","Saint Vincent and the Grenadines","5609","Import quantity","02151","Chickens","2020","2020","1000 An","6","A","Official figure",""
"TCL","Crops and livestock products","670","Saint Vincent and the Grenadines","5622","Import value","02151","Chickens","2020","2020","1000 USD","84","A","Official figure",""
"TCL","Crops and livestock products","882","Samoa","5609","Import quantity","02151","Chickens","2020","2020","1000 An","6","X","Figure from international organizations","Estimated data using trading partners database"
"TCL","Crops and livestock products","882","Samoa","5622","Import value","02151","Chickens","2020","2020","1000 USD","105","X","Figure from international organizations","Estimated data using trading partners database"
"TCL","Crops and livestock products","678","Sao Tome and Principe","5609","Import quantity","02151","Chickens","2020","2020","1000 An","88","A","Official figure",""
"TCL","Crops and livestock products","678","Sao Tome and Principe","5622","Import value","02151","Chickens","2020","2020","1000 USD","111","A","Official figure",""
"TCL","Crops and livestock products","682","Saudi Arabia","5609","Import quantity","02151","Chickens","2020","2020","1000 An","126","A","Official figure",""
"TCL","Crops and livestock products","682","Saudi Arabia","5622","Import value","02151","Chickens","2020","2020","1000 USD","18466","A","Official figure",""
"TCL","Crops and livestock products","682","Saudi Arabia","5909","Export quantity","02151","Chickens","2020","2020","1000 An","433","A","Official figure",""
"TCL","Crops and livestock products","682","Saudi Arabia","5922","Export value","02151","Chickens","2020","2020","1000 USD","11476","A","Official figure",""
"TCL","Crops and livestock products","686","Senegal","5609","Import quantity","02151","Chickens","2020","2020","1000 An","213","A","Official figure",""
"TCL","Crops and livestock products","686","Senegal","5622","Import value","02151","Chickens","2020","2020","1000 USD","1091","A","Official figure",""
"TCL","Crops and livestock products","686","Senegal","5909","Export quantity","02151","Chickens","2020","2020","1000 An","79","A","Official figure",""
"TCL","Crops and livestock products","686","Senegal","5922","Export value","02151","Chickens","2020","2020","1000 USD","69","A","Official figure",""
"TCL","Crops and livestock products","688","Serbia","5609","Import quantity","02151","Chickens","2020","2020","1000 An","13414","A","Official figure",""
"TCL","Crops and livestock products","688","Serbia","5622","Import value","02151","Chickens","2020","2020","1000 USD","5555","A","Official figure",""
"TCL","Crops and livestock products","688","Serbia","5909","Export quantity","02151","Chickens","2020","2020","1000 An","37262","A","Official figure",""
"TCL","Crops and livestock products","688","Serbia","5922","Export value","02151","Chickens","2020","2020","1000 USD","2780","A","Official figure",""
"TCL","Crops and livestock products","690","Seychelles","5609","Import quantity","02151","Chickens","2020","2020","1000 An","56","I","Imputed value",""
"TCL","Crops and livestock products","690","Seychelles","5622","Import value","02151","Chickens","2020","2020","1000 USD","241","A","Official figure",""
"TCL","Crops and livestock products","694","Sierra Leone","5609","Import quantity","02151","Chickens","2020","2020","1000 An","65","X","Figure from international organizations","Estimated data using trading partners database"
"TCL","Crops and livestock products","694","Sierra Leone","5622","Import value","02151","Chickens","2020","2020","1000 USD","76","X","Figure from international organizations","Estimated data using trading partners database"
"TCL","Crops and livestock products","702","Singapore","5609","Import quantity","02151","Chickens","2020","2020","1000 An","51166","I","Imputed value",""
"TCL","Crops and livestock products","702","Singapore","5622","Import value","02151","Chickens","2020","2020","1000 USD","147930","A","Official figure",""
"TCL","Crops and livestock products","702","Singapore","5909","Export quantity","02151","Chickens","2020","2020","1000 An","0","A","Official figure",""
"TCL","Crops and livestock products","702","Singapore","5922","Export value","02151","Chickens","2020","2020","1000 USD","1","A","Official figure",""
"TCL","Crops and livestock products","703","Slovakia","5609","Import quantity","02151","Chickens","2020","2020","1000 An","66159","A","Official figure",""
"TCL","Crops and livestock products","703","Slovakia","5622","Import value","02151","Chickens","2020","2020","1000 USD","35008","A","Official figure",""
"TCL","Crops and livestock products","703","Slovakia","5909","Export quantity","02151","Chickens","2020","2020","1000 An","50004","A","Official figure",""
"TCL","Crops and livestock products","703","Slovakia","5922","Export value","02151","Chickens","2020","2020","1000 USD","32420","A","Official figure",""
"TCL","Crops and livestock products","705","Slovenia","5609","Import quantity","02151","Chickens","2020","2020","1000 An","6762","A","Official figure",""
"TCL","Crops and livestock products","705","Slovenia","5622","Import value","02151","Chickens","2020","2020","1000 USD","5581","A","Official figure",""
"TCL","Crops and livestock products","705","Slovenia","5909","Export quantity","02151","Chickens","2020","2020","1000 An","1921","A","Official figure",""
"TCL","Crops and livestock products","705","Slovenia","5922","Export value","02151","Chickens","2020","2020","1000 USD","1798","A","Official figure",""
"TCL","Crops and livestock products","706","Somalia","5609","Import quantity","02151","Chickens","2020","2020","1000 An","27","X","Figure from international organizations","Estimated data using trading partners database"
"TCL","Crops and livestock products","706","Somalia","5622","Import value","02151","Chickens","2020","2020","1000 USD","32","X","Figure from international organizations","Estimated data using trading partners database"
"TCL","Crops and livestock products","710","South Africa","5609","Import quantity","02151","Chickens","2020","2020","1000 An","431","A","Official figure",""
"TCL","Crops and livestock products","710","South Africa","5622","Import value","02151","Chickens","2020","2020","1000 USD","11057","A","Official figure",""
"TCL","Crops and livestock products","710","South Africa","5909","Export quantity","02151","Chickens","2020","2020","1000 An","10900","A","Official figure",""
"TCL","Crops and livestock products","710","South Africa","5922","Export value","02151","Chickens","2020","2020","1000 USD","9447","A","Official figure",""
"TCL","Crops and livestock products","728","South Sudan","5609","Import quantity","02151","Chickens","2020","2020","1000 An","12","X","Figure from international organizations","Estimated data using trading partners database"
"TCL","Crops and livestock products","728","South Sudan","5622","Import value","02151","Chickens","2020","2020","1000 USD","14","X","Figure from international organizations","Estimated data using trading partners database"
"TCL","Crops and livestock products","724","Spain","5609","Import quantity","02151","Chickens","2020","2020","1000 An","33532","A","Official figure",""
"TCL","Crops and livestock products","724","Spain","5622","Import value","02151","Chickens","2020","2020","1000 USD","34991","A","Official figure",""
"TCL","Crops and livestock products","724","Spain","5909","Export quantity","02151","Chickens","2020","2020","1000 An","27320","A","Official figure",""
"TCL","Crops and livestock products","724","Spain","5922","Export value","02151","Chickens","2020","2020","1000 USD","77853","A","Official figure",""
"TCL","Crops and livestock products","144","Sri Lanka","5609","Import quantity","02151","Chickens","2020","2020","1000 An","313","A","Official figure",""
"TCL","Crops and livestock products","144","Sri Lanka","5622","Import value","02151","Chickens","2020","2020","1000 USD","3266","A","Official figure",""
"TCL","Crops and livestock products","144","Sri Lanka","5909","Export quantity","02151","Chickens","2020","2020","1000 An","63","A","Official figure",""
"TCL","Crops and livestock products","144","Sri Lanka","5922","Export value","02151","Chickens","2020","2020","1000 USD","222","A","Official figure",""
"TCL","Crops and livestock products","729","Sudan","5609","Import quantity","02151","Chickens","2020","2020","1000 An","306","X","Figure from international organizations","Estimated data using trading partners database"
"TCL","Crops and livestock products","729","Sudan","5622","Import value","02151","Chickens","2020","2020","1000 USD","1985","X","Figure from international organizations","Estimated data using trading partners database"
"TCL","Crops and livestock products","740","Suriname","5609","Import quantity","02151","Chickens","2020","2020","1000 An","77","A","Official figure",""
"TCL","Crops and livestock products","740","Suriname","5622","Import value","02151","Chickens","2020","2020","1000 USD","432","A","Official figure",""
"TCL","Crops and livestock products","752","Sweden","5609","Import quantity","02151","Chickens","2020","2020","1000 An","351","A","Official figure",""
"TCL","Crops and livestock products","752","Sweden","5622","Import value","02151","Chickens","2020","2020","1000 USD","6828","A","Official figure",""
"TCL","Crops and livestock products","752","Sweden","5909","Export quantity","02151","Chickens","2020","2020","1000 An","5982","A","Official figure",""
"TCL","Crops and livestock products","752","Sweden","5922","Export value","02151","Chickens","2020","2020","1000 USD","14369","A","Official figure",""
"TCL","Crops and livestock products","756","Switzerland","5609","Import quantity","02151","Chickens","2020","2020","1000 An","423","I","Imputed value",""
"TCL","Crops and livestock products","756","Switzerland","5622","Import value","02151","Chickens","2020","2020","1000 USD","2835","A","Official figure",""
"TCL","Crops and livestock products","756","Switzerland","5909","Export quantity","02151","Chickens","2020","2020","1000 An","1628","A","Official figure",""
"TCL","Crops and livestock products","756","Switzerland","5922","Export value","02151","Chickens","2020","2020","1000 USD","697","A","Official figure",""
"TCL","Crops and livestock products","760","Syrian Arab Republic","5609","Import quantity","02151","Chickens","2020","2020","1000 An","23509","X","Figure from international organizations","Estimated data using trading partners database"
"TCL","Crops and livestock products","760","Syrian Arab Republic","5622","Import value","02151","Chickens","2020","2020","1000 USD","29703","X","Figure from international organizations","Estimated data using trading partners database"
"TCL","Crops and livestock products","760","Syrian Arab Republic","5909","Export quantity","02151","Chickens","2020","2020","1000 An","0","X","Figure from international organizations","Estimated data using trading partners database"
"TCL","Crops and livestock products","760","Syrian Arab Republic","5922","Export value","02151","Chickens","2020","2020","1000 USD","4","X","Figure from international organizations","Estimated data using trading partners database"
"TCL","Crops and livestock products","762","Tajikistan","5609","Import quantity","02151","Chickens","2020","2020","1000 An","5367","A","Official figure",""
"TCL","Crops and livestock products","762","Tajikistan","5622","Import value","02151","Chickens","2020","2020","1000 USD","3557","A","Official figure",""
"TCL","Crops and livestock products","762","Tajikistan","5909","Export quantity","02151","Chickens","2020","2020","1000 An","55","A","Official figure",""
"TCL","Crops and livestock products","762","Tajikistan","5922","Export value","02151","Chickens","2020","2020","1000 USD","11","A","Official figure",""
"TCL","Crops and livestock products","764","Thailand","5609","Import quantity","02151","Chickens","2020","2020","1000 An","911","X","Figure from international organizations","Estimated data using trading partners database"
"TCL","Crops and livestock products","764","Thailand","5622","Import value","02151","Chickens","2020","2020","1000 USD","25096","A","Official figure",""
"TCL","Crops and livestock products","764","Thailand","5909","Export quantity","02151","Chickens","2020","2020","1000 An","11927","A","Official figure",""
"TCL","Crops and livestock products","764","Thailand","5922","Export value","02151","Chickens","2020","2020","1000 USD","19472","A","Official figure",""
"TCL","Crops and livestock products","626","Timor-Leste","5609","Import quantity","02151","Chickens","2020","2020","1000 An","2379","A","Official figure",""
"TCL","Crops and livestock products","626","Timor-Leste","5622","Import value","02151","Chickens","2020","2020","1000 USD","286","A","Official figure",""
"TCL","Crops and livestock products","768","Togo","5609","Import quantity","02151","Chickens","2020","2020","1000 An","495","A","Official figure",""
"TCL","Crops and livestock products","768","Togo","5622","Import value","02151","Chickens","2020","2020","1000 USD","82","A","Official figure",""
"TCL","Crops and livestock products","768","Togo","5909","Export quantity","02151","Chickens","2020","2020","1000 An","60","A","Official figure",""
"TCL","Crops and livestock products","768","Togo","5922","Export value","02151","Chickens","2020","2020","1000 USD","9","A","Official figure",""
"TCL","Crops and livestock products","776","Tonga","5609","Import quantity","02151","Chickens","2020","2020","1000 An","83","X","Figure from international organizations","Estimated data using trading partners database"
"TCL","Crops and livestock products","776","Tonga","5622","Import value","02151","Chickens","2020","2020","1000 USD","152","X","Figure from international organizations","Estimated data using trading partners database"
"TCL","Crops and livestock products","780","Trinidad and Tobago","5609","Import quantity","02151","Chickens","2020","2020","1000 An","41","A","Official figure",""
"TCL","Crops and livestock products","780","Trinidad and Tobago","5622","Import value","02151","Chickens","2020","2020","1000 USD","1152","A","Official figure",""
"TCL","Crops and livestock products","788","Tunisia","5609","Import quantity","02151","Chickens","2020","2020","1000 An","61","A","Official figure",""
"TCL","Crops and livestock products","788","Tunisia","5622","Import value","02151","Chickens","2020","2020","1000 USD","5292","A","Official figure",""
"TCL","Crops and livestock products","792","Türkiye","5609","Import quantity","02151","Chickens","2020","2020","1000 An","1133","I","Imputed value",""
"TCL","Crops and livestock products","792","Türkiye","5622","Import value","02151","Chickens","2020","2020","1000 USD","7912","A","Official figure",""
"TCL","Crops and livestock products","792","Türkiye","5909","Export quantity","02151","Chickens","2020","2020","1000 An","28094","A","Official figure",""
"TCL","Crops and livestock products","792","Türkiye","5922","Export value","02151","Chickens","2020","2020","1000 USD","46086","A","Official figure",""
"TCL","Crops and livestock products","795","Turkmenistan","5609","Import quantity","02151","Chickens","2020","2020","1000 An","452","X","Figure from international organizations","Estimated data using trading partners database"
"TCL","Crops and livestock products","795","Turkmenistan","5622","Import value","02151","Chickens","2020","2020","1000 USD","846","X","Figure from international organizations","Estimated data using trading partners database"
"TCL","Crops and livestock products","800","Uganda","5609","Import quantity","02151","Chickens","2020","2020","1000 An","276","A","Official figure",""
"TCL","Crops and livestock products","800","Uganda","5622","Import value","02151","Chickens","2020","2020","1000 USD","6395","A","Official figure",""
"TCL","Crops and livestock products","800","Uganda","5909","Export quantity","02151","Chickens","2020","2020","1000 An","331","A","Official figure",""
"TCL","Crops and livestock products","800","Uganda","5922","Export value","02151","Chickens","2020","2020","1000 USD","2094","A","Official figure",""
"TCL","Crops and livestock products","804","Ukraine","5609","Import quantity","02151","Chickens","2020","2020","1000 An","95279","I","Imputed value",""
"TCL","Crops and livestock products","804","Ukraine","5622","Import value","02151","Chickens","2020","2020","1000 USD","56032","A","Official figure",""
"TCL","Crops and livestock products","804","Ukraine","5909","Export quantity","02151","Chickens","2020","2020","1000 An","0","A","Official figure",""
"TCL","Crops and livestock products","804","Ukraine","5922","Export value","02151","Chickens","2020","2020","1000 USD","1","A","Official figure",""
"TCL","Crops and livestock products","784","United Arab Emirates","5609","Import quantity","02151","Chickens","2020","2020","1000 An","1982","A","Official figure",""
"TCL","Crops and livestock products","784","United Arab Emirates","5622","Import value","02151","Chickens","2020","2020","1000 USD","3074","A","Official figure",""
"TCL","Crops and livestock products","784","United Arab Emirates","5909","Export quantity","02151","Chickens","2020","2020","1000 An","997","A","Official figure",""
"TCL","Crops and livestock products","784","United Arab Emirates","5922","Export value","02151","Chickens","2020","2020","1000 USD","1516","A","Official figure",""
"TCL","Crops and livestock products","826","United Kingdom of Great Britain and Northern Ireland","5609","Import quantity","02151","Chickens","2020","2020","1000 An","8455","X","Figure from international organizations","Estimated data using trading partners database"
"TCL","Crops and livestock products","826","United Kingdom of Great Britain and Northern Ireland","5622","Import value","02151","Chickens","2020","2020","1000 USD","11596","A","Official figure",""
"TCL","Crops and livestock products","826","United Kingdom of Great Britain and Northern Ireland","5909","Export quantity","02151","Chickens","2020","2020","1000 An","19841","I","Imputed value",""
"TCL","Crops and livestock products","826","United Kingdom of Great Britain and Northern Ireland","5922","Export value","02151","Chickens","2020","2020","1000 USD","180078","A","Official figure",""
"TCL","Crops and livestock products","834","United Republic of Tanzania","5609","Import quantity","02151","Chickens","2020","2020","1000 An","934","A","Official figure",""
"TCL","Crops and livestock products","834","United Republic of Tanzania","5622","Import value","02151","Chickens","2020","2020","1000 USD","2970","A","Official figure",""
"TCL","Crops and livestock products","834","United Republic of Tanzania","5909","Export quantity","02151","Chickens","2020","2020","1000 An","2374","A","Official figure",""
"TCL","Crops and livestock products","834","United Republic of Tanzania","5922","Export value","02151","Chickens","2020","2020","1000 USD","1472","A","Official figure",""
"TCL","Crops and livestock products","840","United States of America","5609","Import quantity","02151","Chickens","2020","2020","1000 An","1799","A","Official figure",""
"TCL","Crops and livestock products","840","United States of America","5622","Import value","02151","Chickens","2020","2020","1000 USD","7557","A","Official figure",""
"TCL","Crops and livestock products","840","United States of America","5909","Export quantity","02151","Chickens","2020","2020","1000 An","51896","A","Official figure",""
"TCL","Crops and livestock products","840","United States of America","5922","Export value","02151","Chickens","2020","2020","1000 USD","227513","A","Official figure",""
"TCL","Crops and livestock products","858","Uruguay","5609","Import quantity","02151","Chickens","2020","2020","1000 An","172","I","Imputed value",""
"TCL","Crops and livestock products","858","Uruguay","5622","Import value","02151","Chickens","2020","2020","1000 USD","2906","A","Official figure",""
"TCL","Crops and livestock products","860","Uzbekistan","5609","Import quantity","02151","Chickens","2020","2020","1000 An","2182","A","Official figure",""
"TCL","Crops and livestock products","860","Uzbekistan","5622","Import value","02151","Chickens","2020","2020","1000 USD","10456","A","Official figure",""
"TCL","Crops and livestock products","860","Uzbekistan","5909","Export quantity","02151","Chickens","2020","2020","1000 An","6602","A","Official figure",""
"TCL","Crops and livestock products","860","Uzbekistan","5922","Export value","02151","Chickens","2020","2020","1000 USD","3883","A","Official figure",""
"TCL","Crops and livestock products","548","Vanuatu","5609","Import quantity","02151","Chickens","2020","2020","1000 An","56","X","Figure from international organizations","Estimated data using trading partners database"
"TCL","Crops and livestock products","548","Vanuatu","5622","Import value","02151","Chickens","2020","2020","1000 USD","112","X","Figure from international organizations","Estimated data using trading partners database"
"TCL","Crops and livestock products","704","Viet Nam","5609","Import quantity","02151","Chickens","2020","2020","1000 An","6685","I","Imputed value",""
"TCL","Crops and livestock products","704","Viet Nam","5622","Import value","02151","Chickens","2020","2020","1000 USD","22216","A","Official figure",""
"TCL","Crops and livestock products","704","Viet Nam","5909","Export quantity","02151","Chickens","2020","2020","1000 An","442","I","Imputed value",""
"TCL","Crops and livestock products","704","Viet Nam","5922","Export value","02151","Chickens","2020","2020","1000 USD","408","A","Official figure",""
"TCL","Crops and livestock products","887","Yemen","5609","Import quantity","02151","Chickens","2020","2020","1000 An","110","X","Figure from international organizations","Estimated data using trading partners database"
"TCL","Crops and livestock products","887","Yemen","5622","Import value","02151","Chickens","2020","2020","1000 USD","9853","X","Figure from international organizations","Estimated data using trading partners database"
"TCL","Crops and livestock products","894","Zambia","5609","Import quantity","02151","Chickens","2020","2020","1000 An","333","A","Official figure",""
"TCL","Crops and livestock products","894","Zambia","5622","Import value","02151","Chickens","2020","2020","1000 USD","3380","A","Official figure",""
"TCL","Crops and livestock products","894","Zambia","5909","Export quantity","02151","Chickens","2020","2020","1000 An","1328","A","Official figure",""
"TCL","Crops and livestock products","894","Zambia","5922","Export value","02151","Chickens","2020","2020","1000 USD","5880","A","Official figure",""
"TCL","Crops and livestock products","716","Zimbabwe","5609","Import quantity","02151","Chickens","2020","2020","1000 An","280","I","Imputed value",""
"TCL","Crops and livestock products","716","Zimbabwe","5622","Import value","02151","Chickens","2020","2020","1000 USD","3084","A","Official figure",""
"TCL","Crops and livestock products","716","Zimbabwe","5909","Export quantity","02151","Chickens","2020","2020","1000 An","248","I","Imputed value",""
"TCL","Crops and livestock products","716","Zimbabwe","5922","Export value","02151","Chickens","2020","2020","1000 USD","1201","A","Official figure",""
